,Title,Image
0,MADHUR BEETROOT,0.jpg
1,NS 862 BHENDI (OKRA)  ( एनएस 862 भिंडी ),1.jpg
2,NS 1018 BITTER GOURD ( एन एस 1018 करेला ),2.jpg
3,NS 421 BOTTLE GOURD  ( एन एस 421 लौकी ),3.jpg
4,NS 538 (158) BRINJAL,4.jpg
5,NS 50 BROCCOLI,5.jpg
6,NS 22 CABBAGE,6.jpg
7,NS 854 F1 CARROT,7.jpg
8,GOLI CHILLI,8.jpg
9,SURABHI CORIANDER,9.jpg
10,DARK RED ONION NS101,10.jpg
11,NS 471 RIDGE GOURD (एन एस 471 तुरई ),11.jpg
12,NS 441 SPONGE GOURD,12.jpg
13,NS 680 SWEET CORN,13.jpg
14,NS DOUBLE ORANGE  (AFRICAN MARIGOLD),14.jpg
15,US 15 BOTTLE GOURD  ( यू एस 15 लौकी ),15.jpg
16,US 800 CUCUMBER,16.jpg
17,UNNATI CABBAGE,17.jpg
18,US 202 MARIGOLD,18.jpg
19,RUDRA CHILLI,19.jpg
20,MAXIMA YELLOW MARIGOLD,20.jpg
21,INDUS 815 CHILLI,21.jpg
22,MAHY HARI RANI CABBAGE,22.jpg
23,LAKSHMI TOMATO ( लक्ष्मी टमाटर ),23.jpg
24,ROCKY TOMATO ( रोकी टमाटर ),24.jpg
25,RED LADY PAPAYA,25.jpg
26,PRIVI SILIXOL,26.jpg
27,PRIVI SILIXOL RICE,27.jpg
28,PRIVI NUTRIFIGHT,28.jpg
29,ULKA F1 CHILLI,29.jpg
30,PHS SWEAKAR 448 Tomato (  448 टमाटर ),30.jpg
31,PHS HYBRID CHILLI,31.jpg
32,WHITE PONNI BRINJAL,32.jpg
33,GS-10 PEAS,33.jpg
34,ARUN WATERMELON ( अरूण तरबूज ),34.jpg
35,PREMA ONION,35.jpg
36,PRERANA ONION,36.jpg
37,PALNADU HOT CHILLI,37.jpg
38,ZOYA CUCUMBER,38.jpg
39,RED STAR CAPSICUM,39.jpg
40,GREEN STAR SQUASH,40.jpg
41,HOT KING CHILLI,41.jpg
42,CROWN BRINJAL,42.jpg
43,SONA MUSK MELON,43.jpg
44,CHOTTU BITTERGOURD ( छोटू करेला ),44.jpg
45,MANYA BOTTLE GOURD ( मान्या लौकी ),45.jpg
46,CHIKNI SPONGE GOURD,46.jpg
47,WHITE MARVEL RADISH ( व्हाइट मारवेल मूली ),47.jpg
48,RED MAGIC WATERMELON,48.jpg
49,MEHAK CORIANDER,49.jpg
50,GREEN GOLD BHENDI  F1 (OKRA) ( ग्रीन गोल्ड भिंडी ),50.jpg
51,GANGA BEANS,51.jpg
52,DHAVAL 043 F1 CAULIFLOWER,52.jpg
53,LASER CHILLI,53.jpg
54,ZENNITH CABBAGE,54.jpg
55,KIRTI BRINJAL,55.jpg
56,PUMPKIN,56.jpg
57,CHILLI,57.jpg
58,MAHY 1 ASHGOURD,58.jpg
59,DS 810 ( डीएस 810 ),59.jpg
60,VARSHA CLUSTER BEAN,60.jpg
61,SUPREME YELLOW MARIGOLD,61.jpg
62,SHAAN BHENDI (OKRA) ( शान भिंडी ),62.jpg
63,LYCO TOMATO,63.jpg
64,NEW LU 730 RIDGE GOURD ( न्यू लू 730 तुरई ),64.jpg
65,INDRA CAPSICUM,65.jpg
66,MARIGOLD,66.jpg
67,CHILLI,67.jpg
68,EMERALD TOMATO ( एमराल्ड टमाटर ),68.jpg
69,ALANKAR TOMATO F1 (अलंकार टमाटर),69.jpg
70,S-16 CHILLI,70.jpg
71,ABHIMAAN TOMATO (अभिमान टमाटर ),71.jpg
72,RADHA CABBAGE,72.jpg
73,MAHARANI CABBAGE,73.jpg
74,RAMBHA MARIGOLD,74.jpg
75,MISTHI SWEET CORN,75.jpg
76,SUGAR QUEEN WATER MELON (50 gms),76.jpg
77,IVORY WHITE RADISH ( आइवरी व्हाइट मूली ),77.jpg
78,S92 (MITRA) CABBAGE,78.jpg
79,CHILLI,79.jpg
80,DAHLIA,80.jpg
81,ZINNIA,81.jpg
82,BARRIX CATCH FRUIT FLY LURE,82.jpg
83,BARRIX CATCH VEG FLY LURE,83.jpg
84,BARRIX MAGIC STICKER YELLOW,84.jpg
85,BARRIX MAGIC STICKER BLUE SHEET,85.jpg
86,BARRIX CONTROL,86.jpg
87,RIDDHI BRINJAL,87.jpg
88,PUMA CABBAGE,88.jpg
89,KANAKADURGA BRINJAL,89.jpg
90,CAULIFLOWER,90.jpg
91,CARROT,91.jpg
92,ASHTAGANDHA + (MARIGOLD),92.jpg
93,BARRIX CATCH FRUIT FLY LURE + TRAP,93.jpg
94,BARRIX CATCH VEGETABLE FLY LURE + TRAP,94.jpg
95,SUHASINI+ CAULIFLOWER,95.jpg
96,PALEE BITTERGOURD ( पाली करेला ),96.jpg
97,DON 17 SQUASH,97.jpg
98,CHILLI,98.jpg
99,ROMI,99.jpg
100,ENCOUNTER CUCUMBER,100.jpg
101,ARCHANA PUMPKIN,101.jpg
102,MAKHMALI BEANS,102.jpg
103,SUGAR 75 SWEET CORN,103.jpg
104,GOLDEN BABY - BABY CORN,104.jpg
105,COUNTRY RED CARROT,105.jpg
106,EARLY WONDER KNOL KHOL,106.jpg
107,CHANDRIKA SUMMER SQUASH,107.jpg
108,ROYAL WONDER CAPSICUM,108.jpg
109,KATAHI BITTER GOURD ( कतहि करेला ),109.jpg
110,KIRAN-2 WATERMELON,110.jpg
111,SHAKTI BHENDI (OKRA) ( शक्ति भिंडी ),111.jpg
112,HARE KRISHNA CABBAGE,112.jpg
113,FUJIYAMA CAULIFLOWER,113.jpg
114,V-45S42 MUSTARD ( सरसों ),114.jpg
115,ROHINI BHENDI (OKRA) ( रोहिणी भिंडी ),115.jpg
116,INDAM GULAB ONION,116.jpg
117,BITTER GOURD ( करेला ),117.jpg
118,BOTTLE GOURD ( लौकी ),118.jpg
119,NEW KURODA CARROT,119.jpg
120,SHENTHA CAULIFLOWER,120.jpg
121,INDAM 9821 BHENDI (OKRA) ( इंडम 9821 भिंडी ),121.jpg
122,CAULIFLOWER,122.jpg
123,INDAM RUCHI TOMATO,123.jpg
124,HYBRID CHILLI,124.jpg
125,ONION,125.jpg
126,INDAM RUBY QUEEN (OP) BEETROOT,126.jpg
127,KNOL KHOL,127.jpg
128,MUSK MELON,128.jpg
129,SURUCHI SWEET CORN,129.jpg
130,CAPSICUM,130.jpg
131,RADISH ( मूली ),131.jpg
132,SWADIST CUCUMBER,132.jpg
133,KURODA CARROT,133.jpg
134,BLACK STAR BRINJAL,134.jpg
135,JEWELRY CHILLI,135.jpg
136,PHLOX,136.jpg
137,ALYSSUM ORNAMENTAL FLOWER,137.jpg
138,AGERATUM,138.jpg
139,PANSY FLOWER,139.jpg
140,PETUNIA,140.jpg
141,CELOSIA CRISTATA,141.jpg
142,GAILLARDIA,142.jpg
143,VINCA,143.jpg
144,COSMOS BIPINNATUS,144.jpg
145,VERBENA,145.jpg
146,ASTER,146.jpg
147,COLEUS,147.jpg
148,DIANTHUS,148.jpg
149,SALVIA,149.jpg
150,GAZANIA,150.jpg
151,MARSHAL ONION,151.jpg
152,QUISTO CABBAGE,152.jpg
153,AARTI RIDGE GOURD (आरती तुरई ),153.jpg
154,CORAGEN INSECTICIDE ( कोराजन कीटनाशक ),154.jpg
155,CURZATE FUNGICIDE,155.jpg
156,VISHWANATH TOMATO,156.jpg
157,CHILLI,157.jpg
158,HIRANYA - SAMBAR CUCUMBER,158.jpg
159,FAME INSECTICIDE ( फेम कीटनाशक ),159.jpg
160,ARJUN DRUMSTICK,160.jpg
161,BAYER NATIVO FUNGICIDE,161.jpg
162,BSS 1004 TOMATO ( बीएसएस 1004 टमाटर ),162.jpg
163,FALGUNI GARDEN BEAN,163.jpg
164,ANURADHA CAULIFLOWER,164.jpg
165,PADMINI CUCUMBER,165.jpg
166,HARIHAR BRINJAL,166.jpg
167,ABHISHEK BITTER GOURD (अभिषेक करेला),167.jpg
168,SVOK1432 BHENDI (OKRA)  ( एसवीओके1432 भिंडी ),168.jpg
169,GULMOHAR ONION,169.jpg
170,ARJUNA PUMPKIN F1,170.jpg
171,SV6881SN SWEET CORN,171.jpg
172,APOORVA WATERMELON ( अपूर्वा तरबूज ),172.jpg
173,ROMANCE F1 CARROT,173.jpg
174,SNOW WHITE CAULIFLOWER,174.jpg
175,CHILLI,175.jpg
176,MAHY 101 (MBTH-101) BITTERGOURD ( एम ए एच वाई 101 करेला ),176.jpg
177,MAHY SYLVIA CUCUMBER,177.jpg
178,MARIGOLD,178.jpg
179,ADI TOMATO (आदी टमाटर),179.jpg
180,GARDEN MIXTURE,180.jpg
181,BIO ORGANIC MANURE,181.jpg
182,ROOT GROWTH PROMOTER,182.jpg
183,ORGANIC PEST CONTROLLER,183.jpg
184,COMPLETE PLANT NUTRIENT,184.jpg
185,ORGANIC DISEASE CONTROLLER,185.jpg
186,ORGANIC SOIL STERILIZER,186.jpg
187,MAIZE,187.jpg
188,TARA CHILLI,188.jpg
189,ONION,189.jpg
190,PAC 501 JOWAR,190.jpg
191,LALITA F1 BRINJAL,191.jpg
192,BRINJAL No. 183,192.jpg
193,SIRI CHILLI,193.jpg
194,G5414 BABYCORN,194.jpg
195,KAFKA CUCUMBER,195.jpg
196,6240 MAIZE (मक्का),196.jpg
197,SUNBRED 207 SUNFLOWER,197.jpg
198,597 BHENDI (OKRA) ( 597 भिन्डी ),198.jpg
199,SEVILLE BEANS,199.jpg
200,MALGUDI BEANS,200.jpg
201,NANDINI DOLICHOS BEANS,201.jpg
202,GOLD-195 WAX GOURD,202.jpg
203,MANJIRA BRINJAL,203.jpg
204,CUCUMBER,204.jpg
205,SUPER CHANDRA PRABHA CUCUMBER,205.jpg
206,AADI CHILLI (आदि ),206.jpg
207,ASH GOURD,207.jpg
208,ALOK SPONGE GOURD (अलोक गिलकी ),208.jpg
209,GOLDEN GLORY MUSKMELON (गोल्डन ग्लोरी),209.jpg
210,NS 636 FINE/PENCIL BEANS,210.jpg
211,MUSKAN MUSK MELON (मुस्कान),211.jpg
212,AKASH MUSK MELON,212.jpg
213,ADMIRE INSECTICIDE ( एडमायर कीटनाशक ),213.jpg
214,ALANTO INSECTICIDE ( अलांटो कीटनाशक ),214.jpg
215,ALIETTE FUNGICIDE,215.jpg
216,ANTRACOL FUNGICIDE,216.jpg
217,CONFIDOR INSECTICIDE ( कॉन्फीडोर कीटनाशक ),217.jpg
218,CONFIDOR SUPER INSECTICIDE ( कॉन्फीडोर सुपर कीटनाशक ),218.jpg
219,FLOTIS INSECTICIDE ( फ़्लोटिस कीटनाशक ),219.jpg
220,FOLICUR FUNGICIDE,220.jpg
221,Jump WG,221.jpg
222,LARVIN INSECTICIDE,222.jpg
223,Lucifer ( लूसिफर शाकनाशी ),223.jpg
224,MELODY DUO FUNGICIDE,224.jpg
225,MONCEREN FUNGICIDE,225.jpg
226,OBERON INSECTICIDE ( ओबेरोन कीटनाशक ),226.jpg
227,LUCKY BROCCOLI,227.jpg
228,SANIYA 4 RIDGE GOURD ( सानिया 4 तुरई ),228.jpg
229,JAADOO COTTON,229.jpg
230,BENEVIA INSECTICIDE ( बेनेविआ कीटनाशक ),230.jpg
231,PLANOFIX ALPHA GROWTH PROMOTER,231.jpg
232,REGENT GR INSECTICIDE,232.jpg
233,REGENT SC INSECTICIDE ( रीजेंट ),233.jpg
234,SECTIN FUNGICIDE,234.jpg
235,SPINTOR INSECTICIDE,235.jpg
236,WHIP SUPER HERBICIDE ( व्हीप सुपर शाकनाशी ),236.jpg
237,SOLOMON INSECTICIDE,237.jpg
238,LESENTA INSECTICIDE,238.jpg
239,MAHY 102 (MBTH-102) BITTERGOURD ( एम ए एच वाई 102 करेला ),239.jpg
240,VENTURA BITTERGOURD ( वेंचुरा करेला ),240.jpg
241,MHBI - 15 BITTERGOURD ( एम एच बी आई 15 करेला ),241.jpg
242,BHENDI (OKRA) ( भिंडी ),242.jpg
243,WATER MELON,243.jpg
244,AASTHA WATERMELON (आस्था तरबूज ),244.jpg
245,CHITRA TINDA,245.jpg
246,MAHY LAL-II BEETROOT,246.jpg
247,MAHY No. 10 BHENDI (OKRA) ( माहिको नंबर 10 भिंडी ),247.jpg
248,MAHY 28 BHENDI (OKRA) ( माहिको 28 भिंडी ),248.jpg
249,MAHY Exp.Hy.No.1 BHENDI (OKRA) ( माहिको नंबर 1 भिंडी ),249.jpg
250,MAHY No. 64 BHENDI (OKRA) ( माहिको नंबर 64 भिंडी ),250.jpg
251,MAHY 22 RADISH ( माहिको 22 मूली ),251.jpg
252,MAHY No. 55 BHENDI (OKRA) ( माहिको नंबर 55 भिंडी ),252.jpg
253,MAHY PRATHAMA BHENDI (OKRA) ( माहिको प्रथमा भिंडी ),253.jpg
254,MAHY No. 12 BHENDI (OKRA) ( माहिको नंबर 12 भिंडी ),254.jpg
255,MAHY No.73 BHENDI (OKRA) ( माहिको नंबर 73 भिंडी ),255.jpg
256,MIS 077 BHENDI OP (OKRA) ( एमआईएस 077 भिंडी ओपी ),256.jpg
257,MAHY 11 RADISH ( माहिको 11 मूली ),257.jpg
258,MIS 777 BHENDI (OKRA) ( एमआईएस 777 भिंडी ),258.jpg
259,MIS 717 BHENDI (OKRA) ( एमआईएस 177 भिंडी ),259.jpg
260,WHITE EARLY RADISH ( व्हाइट अर्ली मूली ),260.jpg
261,MAHY 1 BOTTLEGOURD ( माहिको 1 लौकी ),261.jpg
262,MAHY MGH-4 WARAD BOTTLEGOURD ( माहिको 4 वरद लौकी ),262.jpg
263,MAHY WARAD GOLD BOTTLEGOURD ( माहिको वरद गोल्ड लौकी ),263.jpg
264,MAHY 8 BOTTLE GOURD ( माहिको 8 लौकी ),264.jpg
265,MAHY 8 GOLD BOTTLE GOURD ( माहिको 8 गोल्ड लौकी ),265.jpg
266,MAHY MHBG 10 BOTTLEGOURD ( माहिको 10 लौकी ),266.jpg
267,MAHY No. 90 BOTTLEGOURD ( माहिको 90 लौकी ),267.jpg
268,JALAD BOTTLEGOURD ( जल्द लौकी ),268.jpg
269,MAHY 11 (MEBH 11) BRINJAL,269.jpg
270,MAHY 9 MEBH-9 BRINJAL,270.jpg
271,MAHY KALPATARU -MEBH -10 BRINJAL,271.jpg
272,MPH1 PUMPKIN,272.jpg
273,SUPER 10-MEBH 10 BRINJAL,273.jpg
274,MAHY 99 MHBJ-99 BRINJAL,274.jpg
275,MHB 11 BULLDOZER BRINJAL,275.jpg
276,MAHY 4 MHB-4 BRINJAL,276.jpg
277,MAHY RAVAIYA MEBH-39 BRINJAL,277.jpg
278,MAHY GULSHAN BRINJAL,278.jpg
279,MAHY HARI-115 BRINJAL,279.jpg
280,MAHY MHB-80 BRINJAL,280.jpg
281,MHB-91 WHITE BRINJAL,281.jpg
282,MHB-82 BRINJAL,282.jpg
283,MHBj-110 BRINJAL,283.jpg
284,MHBJ-112 BRINJAL,284.jpg
285,MAHY MUKUT BRINJAL,285.jpg
286,MAHY PARINDA BRINJAL,286.jpg
287,MAHY NEELAM BRINJAL,287.jpg
288,MAHY NIKHIL BRINJAL,288.jpg
289,MAHY SHIV BRINJAL,289.jpg
290,MAHY GREEN BRINJAL,290.jpg
291,MAHY 106 BRINJAL,291.jpg
292,MAHY 205 BRINJAL,292.jpg
293,MAHY SEDONA CUCUMBER,293.jpg
294,MAHY SERENA CUCUMBER,294.jpg
295,ANIRUDH TOMATO (अनिरुद्ध टमाटर),295.jpg
296,TEJASWINI CHILLI,296.jpg
297,TEJA 4 (MHCP-310) CHILLI,297.jpg
298,SIERRA CHILLI (MHCP-317),298.jpg
299,TANAYA (MHCP-318) CHILLI,299.jpg
300,MAHY SANTRUPTI WATERMELON,300.jpg
301,VAISHNAVI MHCP 307 CHILLI,301.jpg
302,NAVTEJ MHCP-319 CHILLI,302.jpg
303,MAHY AMRUT WATERMELON,303.jpg
304,MHCP - 321 CHILLI,304.jpg
305,AADESH MHCP 320 (Chilli)(आदेश),305.jpg
306,TIKHI MHCP 336 (chilli),306.jpg
307,MHCP 493 CHILLI,307.jpg
308,MHP 62 (Chilli),308.jpg
309,MAHY MHW-6 (Watermelon),309.jpg
310,FORTUNA (Watermelon),310.jpg
311,SUPER SHAKKAR WATERMELON,311.jpg
312,SUGAR BABY WATERMELON,312.jpg
313,NS 801 BHENDI (OKRA) ( एनएस 801 भिंडी ),313.jpg
314,NS 810 BHENDI (OKRA) ( एनएस 810 भिंडी ),314.jpg
315,NS 851 BHENDI (OKRA)  ( एनएस 851 भिंडी ),315.jpg
316,NS 858 BHENDI (OKRA)  ( एनएस 858 भिंडी ),316.jpg
317,NS 864 BHENDI (OKRA)  ( एनएस 864 भिंडी ),317.jpg
318,NS 867 BHENDI (OKRA)  ( एनएस 867 भिंडी ),318.jpg
319,TANVI (OP) BHENDI (OKRA) ( तन्वी भिंडी ),319.jpg
320,NS 434 -WHITE- BITTER GOURD ( एन एस 434 व्हाइट करेला ) सफेद,320.jpg
321,NS 453 BITTER GOURD ( एन एस 453 करेला ),321.jpg
322,NS 1024 BITTER GOURD ( एन एस 1024 करेला ),322.jpg
323,NS 1026 BITTER GOURD ( एन एस 1026 करेला ),323.jpg
324,NS 13 BITTER GOURD ( एन एस 13 करेला ),324.jpg
325,NS 439 BOTTLE GOURD  ( एन एस 439 लौकी ),325.jpg
326,NS 443 BOTTLE GOURD  ( एन एस 443 लौकी ),326.jpg
327,KAVERI BOTTLE GOURD ( कावेरी लौकी ),327.jpg
328,NS 202 BOTTLE GOURD ( एन एस 202 लौकी ),328.jpg
329,NS 797 BRINJAL,329.jpg
330,NS 203 CHILLI,330.jpg
331,NS 208 CHILLI,331.jpg
332,NS 211 CHILLI,332.jpg
333,PRAGATHI CHILLI,333.jpg
334,NS 227 CHILLI,334.jpg
335,NS 238 CHILLI,335.jpg
336,NS 688 CHILLI,336.jpg
337,NS 1101 CHILLI,337.jpg
338,NS 1072 CHILLI,338.jpg
339,H-1840 (Boss) CHILLI,339.jpg
340,NS 201 CHILLI,340.jpg
341,NS 202 CHILLI,341.jpg
342,NS 205 CHILLI,342.jpg
343,NS 1701 DG CHILLI,343.jpg
344,NS 1701 CHILLI,344.jpg
345,NS 230 CHILLI,345.jpg
346,NS 501 (6H 81) TOMATO ( एनएस 501 टमाटर ),346.jpg
347,H-13 TOMATO ( एच-13 टमाटर ),347.jpg
348,NS 504 (NS 104) TOMATO (एन एस 504),348.jpg
349,NS 2535 TOMATO ( एनएस 2535 टमाटर ),349.jpg
350,NS 585 TOMATO ( एनएस 585 टमाटर ),350.jpg
351,SWARAKSHA TOMATO ( स्वरक्षा टमाटर ),351.jpg
352,NS 538 TOMATO ( एनएस 538 टमाटर ),352.jpg
353,NS 562 (6802) TOMATO ( एनएस 562 टमाटर ),353.jpg
354,NS 506 TOMATO (6H 61) ( एनएस 506 टमाटर ),354.jpg
355,NS 524 TOMATO ( एनएस 524 टमाटर ),355.jpg
356,NS 577 TOMATO ( एनएस 577 टमाटर ),356.jpg
357,NS 526 (6H 16) TOMATO ( एनएस 526 टमाटर ),357.jpg
358,NS 558 (958) TOMATO ( एनएस 558 टमाटर ),358.jpg
359,NS 515 (H-15) TOMATO ( एनएस 515 टमाटर ),359.jpg
360,NS 1068 TOMATO ( एनएस 1068 टमाटर ),360.jpg
361,NS 1218 TOMATO ( एनएस 1218 टमाटर ),361.jpg
362,NS 155 CABBAGE,362.jpg
363,NS 35 CABBAGE,363.jpg
364,NS 160 CABBAGE,364.jpg
365,NS 43 CABBAGE,365.jpg
366,SOURABH CABBAGE,366.jpg
367,NS 151 CABBAGE,367.jpg
368,NS 196 CABBAGE,368.jpg
369,NS 197 CABBAGE,369.jpg
370,NS 183 CABBAGE,370.jpg
371,NS 295 WATERMELON,371.jpg
372,NS 750 WATERMELON,372.jpg
373,TEJAS WATERMELON,373.jpg
374,NS 200 WATERMELON,374.jpg
375,NS 252 WATERMELON,375.jpg
376,NS 34 WATERMELON,376.jpg
377,NS 20 WATERMELON (H 20 WATERMELON),377.jpg
378,NS 23 WATERMELON (IBH 23 WATERMELON),378.jpg
379,NS 707 WATERMELON,379.jpg
380,NS 777 WATERMELON,380.jpg
381,NS 775 WATERMELON,381.jpg
382,NS 1452 CAULIFLOWER,382.jpg
383,NS 60N CAULIFLOWER,383.jpg
384,ATISHIGHRA CAULIFLOWER,384.jpg
385,NS 131 CAULIFLOWER,385.jpg
386,NS 133 CAULIFLOWER,386.jpg
387,NS 555 CAULIFLOWER,387.jpg
388,SHREYAS CAULIFLOWER,388.jpg
389,NS 95 CAULIFLOWER,389.jpg
390,NS 158 CAULIFLOWER,390.jpg
391,NS 1448 CAULIFLOWER,391.jpg
392,NS 1527 CAULIFLOWER,392.jpg
393,NS 445 SPONGE GOURD,393.jpg
394,NS 7455 F1 MUSKMELON,394.jpg
395,ABHIJEET MUSKMELON(अभिजीत),395.jpg
396,NS 945 MUSKMELON,396.jpg
397,NS 911 (GH 11) MUSKMELON,397.jpg
398,NS 499 (KUK 9 / 45),398.jpg
399,NS 404 CUCUMBER,399.jpg
400,NS 425 CUCUMBER,400.jpg
401,NS 408 CUCUMBER,401.jpg
402,NS 416 CUCUMBER,402.jpg
403,NS 414 CUCUMBER,403.jpg
404,NS 415 CUCUMBER,404.jpg
405,SUPER KURODA (OP) CARROT,405.jpg
406,MAJESTIC YELLOW MARIGOLD,406.jpg
407,SIERRA ORANGE/YELLOW MARIGOLD,407.jpg
408,NS 474 RIDGE GOURD (एन एस 474 तुरई ),408.jpg
409,NS 3 RIDGE GOURD (एन एस 3 तुरई ),409.jpg
410,NS 484 RIDGE GOURD (एन एस 484 तुरई ),410.jpg
411,US 800 TOMATO,411.jpg
412,US 440 TOMATO,412.jpg
413,US 3140 TOMATO,413.jpg
414,US 809 TOMATO,414.jpg
415,US 618 TOMATO,415.jpg
416,US 2048 TOMATO,416.jpg
417,US 2853 TOMATO (यू एस 2853),417.jpg
418,US 7109 BHENDI (OKRA) ( यू एस 7109 भिंडी ),418.jpg
419,US 7902 BHENDI (OKRA) ( यू एस 7902 भिंडी ),419.jpg
420,US 9A BHENDI (OKRA) ( यू एस 9 ए भिंडी ),420.jpg
421,US 945 BHENDI (OKRA) ( यू एस 945 भिंडी ),421.jpg
422,US 112 BOTTLE GOURD ( यू एस 112 लौकी ),422.jpg
423,US 341 CHILLI,423.jpg
424,US 635 CHILLI,424.jpg
425,US 4 CHILLI,425.jpg
426,US 170 CHILLI,426.jpg
427,US 612 CHILLI,427.jpg
428,US 611 CHILLI,428.jpg
429,US 720 CHILLI,429.jpg
430,US 730 CHILLI,430.jpg
431,US 918 CHILLI,431.jpg
432,US 344 CHILLI,432.jpg
433,SUPER 35 CHILLI,433.jpg
434,US 1081 CHILLI,434.jpg
435,US 323 CHILLI,435.jpg
436,US 33 BITTER GOURD ( यू एस 33 करेला ),436.jpg
437,TOKITA TSI 006 F1,437.jpg
438,US 475 BITTER GOURD ( यू एस 475 करेला ),438.jpg
439,US 316 BITTER GOURD ( यू एस 316 करेला ),439.jpg
440,US 6214 BITTER GOURD ( यू एस 6214 करेला ),440.jpg
441,US 6203 BITTER GOURD ( यू एस 6203 करेला ),441.jpg
442,US 6205 BITTER GOURD ( यू एस 6205 करेला ),442.jpg
443,US 6207 BITTER GOURD ( यू एस 6207 करेला ),443.jpg
444,US 6001 RIDGE GOURD ( यू एस 6001 तुरई ),444.jpg
445,AMULYA CHILLI (अमूल्य मिर्च ),445.jpg
446,P3377 CORN,446.jpg
447,P3401 CORN,447.jpg
448,P3502 CORN,448.jpg
449,P3396 CORN,449.jpg
450,US 7067 BG II (SWCH 4749 BG II) COTTON,450.jpg
451,AJEET 199 BG-II COTTON,451.jpg
452,BRENT (MRC-7347 BG-II) COTTON,452.jpg
453,NEERAJA MRC 7201 BG-II COTTON,453.jpg
454,BHAKTI COTTON,454.jpg
455,NS 282 CAPSICUM,455.jpg
456,NS 280 CAPSICUM (Red),456.jpg
457,NS 281 CAPSICUM (Yellow),457.jpg
458,NS 292 CAPSICUM,458.jpg
459,CALIFORNIA WONDER (OP) CAPSICUM,459.jpg
460,HEEMSOHNA TOMATO ( हीमसोहना टमाटर ),460.jpg
461,HPH-1900 CHILLI,461.jpg
462,LEADER BITTERGOURD ( लीडर करेला ),462.jpg
463,SHREYA OKRA OP ( श्रेया भिंडी),463.jpg
464,MANSI BHENDI (OKRA) ( मानसी भिंडी ),464.jpg
465,SAMRAT BHENDI (OKRA) ( सम्राट भिंडी ),465.jpg
466,JACQULIN BRINJAL,466.jpg
467,SIMRAN BRINJAL,467.jpg
468,MANJUSHREE,468.jpg
469,ABHILASH TOMATO (अभिलाष टमाटर),469.jpg
470,SHIVAM TOMATO ( शिवम टमाटर ),470.jpg
471,SIKINDER TOMATO ( सिकंदर टमाटर ),471.jpg
472,GOLU TOMATO ( गोलू टमाटर ),472.jpg
473,SUDARSHAN TOMATO ( सुदर्शन टमाटर ),473.jpg
474,ABHINAV TOMATO,474.jpg
475,HEEMSHIKHAR TOMATO ( हिमशिखर टमाटर ),475.jpg
476,TO-1057 TOMATO,476.jpg
477,INDUS 1030 TOMATO,477.jpg
478,HOT KING G,478.jpg
479,GREEN VOYAGER CABBAGE,479.jpg
480,WONDER BALL CABBAGE,480.jpg
481,SV4051AC CAULIFLOWER,481.jpg
482,GIRIJA CAULIFLOWER,482.jpg
483,MALINI CUCUMBER,483.jpg
484,SV5455CQ CUCUMBER,484.jpg
485,MADHAV WATERMELON,485.jpg
486,SV8999 OKRA,486.jpg
487,DAWN 175 CAULIFLOWER,487.jpg
488,OLLEH TOMATO ( ओलेह टमाटर ),488.jpg
489,ABHISHEK TOMATO ( अभिषेक टमाटर ),489.jpg
490,AYUSHMAN TOMATO (आयुष्मान टमाटर ),490.jpg
491,CHIRANJEEVI TOMATO ( चिरंजीवी टमाटर ),491.jpg
492,GANESH TOMATO (गणेश टमाटर ),492.jpg
493,KARISHMA TOMATO ( करिश्मा टमाटर ),493.jpg
494,PRASUN TOMATO ( प्रसून टमाटर ),494.jpg
495,ROHIT 2 TOMATO ( रोहित 2 टमाटर ),495.jpg
496,SAKSHAM TOMATO ( सक्षम टमाटर ),496.jpg
497,ARUNIM CHILLI (अरुणिम मिर्च ),497.jpg
498,SHP 4884 CHILLI,498.jpg
499,WONDER HOT CHILLI,499.jpg
500,SITARA CHILLI,500.jpg
501,GOLDEN HOT CHILLI,501.jpg
502,SITARA GOLD CHILLI,502.jpg
503,MEGA HOT CHILLI,503.jpg
504,SAINT CABBAGE,504.jpg
505,INDU CABBAGE,505.jpg
506,AMPHION CABBAGE,506.jpg
507,DIAMOND EXPRESS CABBAGE,507.jpg
508,DISHA CABBAGE,508.jpg
509,DOLARES CABBAGE,509.jpg
510,GANESHA CABBAGE,510.jpg
511,GREEN FLASH CABBAGE,511.jpg
512,GREEN CHALLENGER CABBAGE,512.jpg
513,MILLENIUM III CABBAGE,513.jpg
514,OMPHALOS CABBAGE,514.jpg
515,ROYAL CROSS CABBAGE,515.jpg
516,SHAURYA CABBAGE,516.jpg
517,VIGNESH CABBAGE,517.jpg
518,GIEWONT CAULIFLOWER,518.jpg
519,HANSA CAULIFLOWER,519.jpg
520,HERMON CAULIFLOWER,520.jpg
521,MEGHA CAULIFLOWER,521.jpg
522,SV1239AC CAULIFLOWER,522.jpg
523,SWETA CAULIFLOWER,523.jpg
524,WHISTLER CAULIFLOWER,524.jpg
525,ROHINI CUCUMBER (CORTEZ UNBL) - रोहिणी,525.jpg
526,SHIVNERI CUCUMBER,526.jpg
527,MANJARI BRINJAL,527.jpg
528,SHAMLI BRINJAL,528.jpg
529,SHARVARI BRINJAL,529.jpg
530,SV0776EG BRINJAL,530.jpg
531,SV0801EG BRINJAL,531.jpg
532,SV0577EG BRINJAL,532.jpg
533,SV1300EG BRINJAL,533.jpg
534,TARINI BRINJAL,534.jpg
535,PUJA COTTON,535.jpg
536,SURPASS FirstClass BGII COTTON,536.jpg
537,BLACK MAGIC WATERMELON,537.jpg
538,MADHURIMA WATERMELON,538.jpg
539,SUGARPACK WATERMELON,539.jpg
540,SV5061WL WATER MELON,540.jpg
541,CEYLON ONION,541.jpg
542,XP RED ONION,542.jpg
543,DAHAK CHILLI  ( दाहक मिर्च ),543.jpg
544,JALWA CHILLI,544.jpg
545,GAURI CHILLI,545.jpg
546,GEETA CHILLI,546.jpg
547,DEVNUR DELUXE CHILLI,547.jpg
548,BROCCOLI (Organic),548.jpg
549,OJASWI CHILLI,549.jpg
550,HPH1048 CHILLI,550.jpg
551,AGNIREKHA CHILLI (अग्निरेखा मिर्च),551.jpg
552,BULLET HPH 4968 CHILLI,552.jpg
553,KOLKATA PALAK (OP),553.jpg
554,HPH 2043 CHILLI,554.jpg
555,NS 634 (D.G) YARD LONG BEAN,555.jpg
556,NANDA CAPSICUM,556.jpg
557,AUGUSTA WATERMELON,557.jpg
558,TO-3150 TOMATO,558.jpg
559,TO-2048 (MEGHDOOT) TOMATO,559.jpg
560,HPH 4001 CHILLI,560.jpg
561,INDICA CHILLI,561.jpg
562,SUPARNA TOMATO ( सुपर्णा टमाटर ),562.jpg
563,RAKSHAK TOMATO ( रक्षक टमाटर ),563.jpg
564,BADSHAH TOMATO ( बादशाह टमाटर ),564.jpg
565,TETRIS CAULIFLOWER,565.jpg
566,KIMAYA CAULIFLOWER,566.jpg
567,SUHASINI CAULIFLOWER,567.jpg
568,6016 CAULIFLOWER,568.jpg
569,1522 CAULIFLOWER (फूलगोभी),569.jpg
570,BOMBY CAPSICUM,570.jpg
571,102 BHENDI (OKRA) ( 102 भिन्डी ),571.jpg
572,UJALA CHILLI,572.jpg
573,AKSHI CHILLI (अक्षी मिर्च ),573.jpg
574,CORAL II CARROT F1,574.jpg
575,SIKANDAR BEETROOT,575.jpg
576,VENUS BHENDI (OKRA) ( वीनस भिंडी ),576.jpg
577,VENUS PLUS BHENDI (OKRA)  ( वीनस प्लस भिंडी ),577.jpg
578,BHIMA CABBAGE,578.jpg
579,GS-277 CAULIFLOWER,579.jpg
580,PARAISO BROCCOLI,580.jpg
581,SNOW CROWN CAULIFLOWER F1,581.jpg
582,SNOW GRACE CAULIFLOWER F1,582.jpg
583,SNOW MYSTIQUE CAULIFLOWER F1,583.jpg
584,SNOW MOUNTAIN CAULIFLOWER F1,584.jpg
585,GREEN CORONET CABBAGE F1,585.jpg
586,RESIST CROWN CABBAGE F1,586.jpg
587,GOLDEN CROSS CABBAGE F1,587.jpg
588,FAST CASH CABBAGE F1,588.jpg
589,CHEERS CABBAGE F1,589.jpg
590,T-621 CABBAGE F1,590.jpg
591,GLOBE MASTER CABBAGE F1,591.jpg
592,RUBY BALL CABBAGE F1,592.jpg
593,PHOENIX WATERMELON F1,593.jpg
594,NEW KURODA CARROT,594.jpg
595,SUPEREX ONION F1,595.jpg
596,APOLLO CHINESE CABBAGE F1,596.jpg
597,RESHMA RIDGE GOURD ( रेशमा तुरई ),597.jpg
598,P3546 CORN,598.jpg
599,JAGUAR WATERMELON F1,599.jpg
600,NANDITHA CHILLI,600.jpg
601,HP 158 CHILLI,601.jpg
602,KANIKA BRINJAL,602.jpg
603,YELLOW MARIGOLD,603.jpg
604,INDIRA PLUS 1 CHILLI,604.jpg
605,MAX 2 MARIGOLD,605.jpg
606,BENZ TALL MARIGOLD,606.jpg
607,DEEP ORANGE MARIGOLD,607.jpg
608,MAX2 + (MARIGOLD),608.jpg
609,INDUS 27 MARIGOLD (गेंदा ),609.jpg
610,SEMI TALL ORANGE MARIGOLD (1000 sds),610.jpg
611,VICTOR 2 MARIGOLD,611.jpg
612,MISSILE ORANGE MARIGOLD,612.jpg
613,RATHNA CT 984 TOMATO ( रत्न सीटी 984 टमाटर ),613.jpg
614,V 33 CHILLI,614.jpg
615,INDUS V 13 CHILLI (वी 13),615.jpg
616,V1 CHILLI,616.jpg
617,MIGHTY CABBAGE F1,617.jpg
618,BRINJAL No. 143,618.jpg
619,BRINJAL No. 704,619.jpg
620,BRINJAL No. 1014,620.jpg
621,BRINJAL PRAGATI (CHU-CHU),621.jpg
622,NAGMA F1 CHILLI,622.jpg
623,RED ROYALE PAPAYA F1,623.jpg
624,PEGASUS INSECTICIDE ( पेगासस कीटनाशक ),624.jpg
625,ANANDI CAULIFLOWER,625.jpg
626,SHALAKHA CAULIFLOWER,626.jpg
627,RUCHA CUCUMBER (ऋचा),627.jpg
628,SAFARI CUCUMBER,628.jpg
629,SHOBHA F1 CAULIFLOWER,629.jpg
630,NS 60 CAULIFLOWER,630.jpg
631,RUBY RED TOMATO ( रूबी रेड टमाटर ),631.jpg
632,RUDRA TOMATO (रुद्र टमाटर ),632.jpg
633,GULFAM WATERMELON,633.jpg
634,MAHIMA WATERMELON,634.jpg
635,YELLOW QUEEN CAPSICUM,635.jpg
636,MINI ANGEL CUCUMBER,636.jpg
637,MINI WONDER CUCUMBER,637.jpg
638,MENAKA MARIGOLD,638.jpg
639,TOKITA KURODA CARROT IMPROVED,639.jpg
640,HUMICAS (POTASSIUM HUMATE) पोटेशियम हमते,640.jpg
641,JEEVAN (PLANT GROWTH BIO STIMULANT),641.jpg
642,FLOWER VALLEY (FLOWER BOOSTER),642.jpg
643,PALEO CHILLI,643.jpg
644,SEED GERMINATOR - ORGANIC,644.jpg
645,BITTER GOURD ( करेला ),645.jpg
646,DHRUVA BRINJAL,646.jpg
647,SAHIBA BHENDI (OKRA)  ( साहिबा भिंडी ),647.jpg
648,TALL YELLOW MARIGOLD,648.jpg
649,SAMPURNA TOMATO ( संपूर्ण टमाटर ),649.jpg
650,SARTAJ BHENDI (OKRA) ( सरताज भिंडी ),650.jpg
651,G5417 BABYCORN,651.jpg
652,BIOSEED HOT CHILLI ( बायोसीड हॉट मिर्च ),652.jpg
653,BIOSEED 100 TOMATO,653.jpg
654,SUPER RASNA TOMATO ( सुपर रसना टमाटर ),654.jpg
655,BIOSEED 90 TOMATO,655.jpg
656,BIOSEED 777 TOMATO,656.jpg
657,BIOSEED HOT SHOT CHILLI  ( बायोसीड हॉट शॉट मिर्च ),657.jpg
658,OJASVI CHILLI,658.jpg
659,KUNDAN MUSK MELON (कुंदन),659.jpg
660,KARAN TOMATO ( करण टमाटर ),660.jpg
661,SWADESHI TOMATO ( स्वदेशी टमाटर ),661.jpg
662,SRUSTI CHILLI,662.jpg
663,TEZ CHILLI,663.jpg
664,ANANYA CHILLI  (अनन्या मिर्च ),664.jpg
665,SAMRUDHI 808 CAULIFLOWER,665.jpg
666,BIOSEED 56 TOMATO,666.jpg
667,MAHAVEER TOMATO ( महावीर टमाटर ),667.jpg
668,YUKI TOMATO,668.jpg
669,PRATHAM TOMATO ( प्रथम टमाटर ),669.jpg
670,KIRAN TOMATO ( किरण टमाटर ),670.jpg
671,BIOSEED 54 CHILLI (बायोसीड 54 मिर्च ),671.jpg
672,BIOSEED 980 CHILLI (बायोसीड 980 मिर्च ),672.jpg
673,BIOSEED 1206 CHILLI (बायोसीड 1206 मिर्च ),673.jpg
674,AJANTHA CHILLI (अजंता मिर्च ),674.jpg
675,LALIMA CHILLI,675.jpg
676,MARSHAL CHILLI,676.jpg
677,SUPER STAR CHILLI,677.jpg
678,SURYA CHILLI,678.jpg
679,CHIRAYU TOMATO ( चिरायु टमाटर ),679.jpg
680,SADABAHAR SUNFLOWER,680.jpg
681,NEHA 196 F1 RIDGE GOURD (नेहा 196 एफ 1 तुरई ),681.jpg
682,SHIVANI KURODA CARROT,682.jpg
683,SCARLET BEETROOT,683.jpg
684,ABHIMANYU BITTER GOURD (अभिमन्यु करेला),684.jpg
685,CHOO CHOO BITTER GOURD ( चू चू करेला ),685.jpg
686,PREETI BITTER GOURD ( प्रीती करेला ),686.jpg
687,SWETA BITTER GOURD ( स्वेता करेला ),687.jpg
688,CHOTU BITTER GOURD ( छोटू करेला ),688.jpg
689,BIOSEED BEET ROOT,689.jpg
690,MAX BEET ROOT,690.jpg
691,BIOSEED PEA 10,691.jpg
692,VNR 145 CHILLI,692.jpg
693,NS 910 MUSK MELON,693.jpg
694,RHS KEERTHI CHILLI,694.jpg
695,KAVERI RIDGE GOURD ( कावेरी तुरई ),695.jpg
696,SUMAN RIDGE GOURD ( सुमन 4 तुरई ),696.jpg
697,ROHINI RIDGE GOURD (रोहिणी तुरई ),697.jpg
698,P3552 CORN,698.jpg
699,P3396 POWER CORN,699.jpg
700,GAURAV BOTTLE GOURD ( गौरव लौकी ),700.jpg
701,KANCHAN BOTTLE GOURD ( कंचन लौकी ),701.jpg
702,SWEET MUSKMELON,702.jpg
703,AISHWARYA WATERMELON ( ऐश्वर्या तरबूज ),703.jpg
704,RAMYA WATERMELON,704.jpg
705,SULTAN WATERMELON,705.jpg
706,PRIYANKA CHILLI,706.jpg
707,MULTI CUT CORIANDER,707.jpg
708,NAVEEN TOMATO ( नवीन टमाटर ),708.jpg
709,DEKALB 9120 CORN,709.jpg
710,DEKALB 9081 CORN,710.jpg
711,WHITE N SHORT SNAKE GOURD F1,711.jpg
712,MONA BHENDI (OKRA) ( मोना भिंडी ),712.jpg
713,US 1315 BITTER GOURD ( यू एस 1315 करेला ),713.jpg
714,DRAGON KING WATER MELON,714.jpg
715,ACTIVE GOLD NEEM OIL INSECTICIDE ( एक्टिव गोल्ड नीम ऑइल कीटनाशक ),715.jpg
716,NAGIN SNAKE GOURD F1,716.jpg
717,LAKSHMI BHENDI (OKRA) ( लक्ष्मी भिंडी ),717.jpg
718,AVANTIKA BHENDI (OKRA) (अवंतिका भिंडी),718.jpg
719,KOHINOOR MUSK MELON,719.jpg
720,MADHURAJA MUSKMELON,720.jpg
721,NARGIS RIDGE GOURD ( नरगिस तुरई ),721.jpg
722,NIDHI PUMPKIN,722.jpg
723,ANMOL YELLOW WATERMELON ( अनमोल पीला तरबूज ),723.jpg
724,GENERAL LETTUCE,724.jpg
725,PRIYANKA SUMMER SQUASH,725.jpg
726,TAJ 042 BHENDI (OKRA) ( ताज 042 भिंडी ),726.jpg
727,SHEEJA TOMATO (Cherry Tomato) ( चेरी टमाटर ),727.jpg
728,LAILA CHERRY TOMATO ( लैला चेरी टमाटर ),728.jpg
729,PARESO RZ F1 (72-126) TOMATO (Cherry Tomato),729.jpg
730,RUHI TOMATO (Cherry Tomato) ( रूही टमाटर ),730.jpg
731,SUCHITRA WATERMELON,731.jpg
732,SUPRIT (सुप्रीत) WATER MELON,732.jpg
733,NS 1840 CHILLI,733.jpg
734,RASHMI CHILLI (रश्मी),734.jpg
735,GANGA CAPSICUM OP (गंगा),735.jpg
736,SUMAN 235 WATER MELON (सुमन),736.jpg
737,NAGA RIDGE GOURD (नागा तुरई ),737.jpg
738,RAJAT RIDGE GOURD (रजत तुरई ),738.jpg
739,NS 915 MUSK MELON,739.jpg
740,DEKALB 9126 CORN,740.jpg
741,DEKALB 9133 CORN,741.jpg
742,DEKALB 9141 CORN,742.jpg
743,BOLT (GROWTH ENHANCER),743.jpg
744,KURODA CARROT (URBAN GARDEN),744.jpg
745,BIOSEED HYBRID PADDY 799,745.jpg
746,WS 015 ORANGE WATER MELON,746.jpg
747,BARRIX MAGIC STICKER - COMBO PACK,747.jpg
748,"Kitchen Garden Seeds Combo - Carrot, Beetroot, Chilli and Tomato",748.jpg
749,RAJA BITTERGOURD (राजा करेला ),749.jpg
750,DHANUKA CALDAN 4G INSECTICIDE ( धानुका कालडान 4 जी कीटनाशक ),750.jpg
751,DOW NUTRIBUILD - SILICON OSA 3%,751.jpg
752,RACCOLTO SPRAYWELL ( Surfactant & Adjuvant ),752.jpg
753,DOW NUTRIBUILD Fe EDDHA 6% ( Chelate) - 250 gms,753.jpg
754,MARVEL BHENDI (OKRA) ( मार्वल भिंडी ),754.jpg
755,P1855 POWER CORN,755.jpg
756,P1844 POWER CORN,756.jpg
757,P1844 CORN,757.jpg
758,FMC TALSTAR INSECTICIDE ( एफ एम सी टॉलस्टार कीटनाशक ),758.jpg
759,INDOFIL SPRINT FUNGICIDE,759.jpg
760,INDOFIL BAAN FUNGICIDE,760.jpg
761,ADAMA CUSTODIA FUNGICIDE,761.jpg
762,FMC FURADAN INSECTICIDE  ( एफ एम सी फुराडान कीटनाशक ),762.jpg
763,FMC DURMET FORCE INSECTICIDE ( एफ एम सी डर्मेट फाॅर्स कीटनाशक ),763.jpg
764,"Kitchen Garden Seeds Combo -Cucumber, Watermelon and Muskmelon",764.jpg
765,"Kitchen Garden Seeds Combo - Bitter Gourd, Ridge Gourd, Bottle Gourd and Cabbage",765.jpg
766,UPL UMET INSECTICIDE,766.jpg
767,UPL PHOSKILL INSECTICIDE,767.jpg
768,UPL SAAF FUNGICIDE,768.jpg
769,SUGARGRAZE FORAGE (सुगर ग्रेज़),769.jpg
770,NUTRIFEED FORAGE (न्यूट्रीफीड फ़ोरेज),770.jpg
771,JUMBO GOLD FORAGE (जंबो गोल्ड फ़ोरेज ),771.jpg
772,MAKKHAN GRASS - FORAGE ( मक्खन ग्रास फ़ोरेज),772.jpg
773,DELIGHT FORAGE (डिलाइट फॉरगे),773.jpg
774,VASUDHA WATER MELON,774.jpg
775,TRISHA 2 MUSK MELON,775.jpg
776,NS 435 (H 7041) -WHITE- BITTER GOURD ( एन एस 435 एच 7041 व्हाइट करेला ) सफेद,776.jpg
777,SUPER MOHINI BITTERGOURD ( सुपर मोहिनी करेला ),777.jpg
778,NS 521 TOMATO ( एनएस 521 टमाटर ),778.jpg
779,NS494 BITTER GOURD ( एन एस 494 करेला ),779.jpg
780,DEKALB 9108 CORN,780.jpg
781,DEKALB 9108 PLUS CORN,781.jpg
782,ADMIRAL CABBAGE,782.jpg
783,CONTAF FUNGICIDE,783.jpg
784,CONTAF PLUS FUNGICIDE,784.jpg
785,ASATAF INSECTICIDE ( असाटाफ कीटनाशक ),785.jpg
786,DITHANE® M45 FUNGICIDE,786.jpg
787,JUMBO FORAGE (जंबो फॉरगे),787.jpg
788,TOKEN INSECTICIDE,788.jpg
789,POLYANA TOMATO( पोलियाना टमाटर ),789.jpg
790,VNR-AG ASH GUARD,790.jpg
791,TRISHUL BRINJAL,791.jpg
792,AKRE CPlex GROWTH ENHANCER,792.jpg
793,ROUNDUP HERBICIDE ( राउंडप शाकनाशी ),793.jpg
794,DHANUKA ZEROX FUNGICIDE,794.jpg
795,ROCKY - 2 MUSK MELON,795.jpg
796,US 1080 TOMATO,796.jpg
797,KEWAL BITTER GOURD ( केवल करेला ),797.jpg
798,SUN 400 RADISH,798.jpg
799,MULCHING SHEET - YELLOW LABEL  (Silver Black Mulch),799.jpg
800,SNEHAL (SEEDLESS) WATER MELON,800.jpg
801,HPH 5531 CHILLI,801.jpg
802,NIRMAL 24 MUSK MELON,802.jpg
803,NANDI CHILLI,803.jpg
804,SONAL CHILLI,804.jpg
805,RCH 659 BG II COTTON,805.jpg
806,CALSTIM (GROWTH PROMOTER) 50 ml,806.jpg
807,CALSTIM (GROWTH PROMOTER) 100 ml,807.jpg
808,CALSTIM (GROWTH PROMOTER) 250 ml,808.jpg
809,CALSTIM (GROWTH PROMOTER) 1000 ml,809.jpg
810,CALMYTE BIO INSECTICIDE - 100 ml ( कालमैट जैव कीटनाशक ),810.jpg
811,CALMYTE BIO INSECTICIDE 250 ml ( कालमैट जैव कीटनाशक ),811.jpg
812,CALMYTE BIO INSECTICIDE 500 ml ( कालमैट जैव कीटनाशक ),812.jpg
813,CALMYTE BIO INSECTICIDE 1000 ml ( कालमैट जैव कीटनाशक ),813.jpg
814,CALPHOMIL BIO FUNGICIDE 100 ml,814.jpg
815,CALPHOMIL BIO FUNGICIDE 250 ml,815.jpg
816,CALPHOMIL BIO FUNGICIDE 500 ml,816.jpg
817,CALPHOMIL BIO FUNGICIDE 1000 ml,817.jpg
818,CALBAHAAR BIO FUNGICIDE - 1 LT,818.jpg
819,CALBAHAAR BIO FUNGICIDE 5 Lt,819.jpg
820,CALRRHIZA BIO FERTILIZER 1 KG,820.jpg
821,CALRRHIZA BIO FERTILIZER 2 KG,821.jpg
822,CALSTIM (GROWTH PROMOTER) 500 ml,822.jpg
823,CALHUME (HUMIC ACID),823.jpg
824,YELLOW DOLLAR MARIGOLD,824.jpg
825,HP5424 CHILLI,825.jpg
826,MEENAM CHILLI,826.jpg
827,SAMRAT MOBILE MOTOR CONTROLLER,827.jpg
828,YUVARAJ MOBILE MOTOR CONTROLLER,828.jpg
829,KAVIYA BHENDI (OKRA) ( कविया भिंडी ),829.jpg
830,MAHARAJ MULTI MOTOR CONTROLLER,830.jpg
831,DEMON F1 CHILLI,831.jpg
832,HAKONE CHILLI,832.jpg
833,EAGLE (151) CHILLI,833.jpg
834,PRINCE YELLOW MARIGOLD,834.jpg
835,AGRO VIAGRA PLANT ENERGIZER,835.jpg
836,SONA VARSHA PLANT ENERGIZER,836.jpg
837,HUMIKING SOIL CONDITIONER,837.jpg
838,YUVA BG-II COTTON,838.jpg
839,BINDAAS BG-II COTTON,839.jpg
840,BHAVANI CHILLI (भवानी मिर्च ),840.jpg
841,BARRIX MAGIC STICKER YELLOW STICKER ROLL,841.jpg
842,BARRIX MAGIC STICKER BLUE STICKER ROLL,842.jpg
843,OSAKA YELLOW TALL MARIGOLD,843.jpg
844,OSAKA GOLD TALL MARIGOLD,844.jpg
845,PARUL BRINJAL,845.jpg
846,PAC751 CORN,846.jpg
847,27P31 HYBRID  PADDY (RICE) (धान ),847.jpg
848,VNR AG LONG ASH GUARD,848.jpg
849,PRIVI AMPLY - 5 GROWTH SIMULATOR,849.jpg
850,P3550 CORN,850.jpg
851,P3501 CORN,851.jpg
852,GRAPE SHEAR HAND TOOL KK-APS-G05,852.jpg
853,YASHASWINI CHILLI,853.jpg
854,ANVIL SHEAR HAND TOOL KK-APS-A1215,854.jpg
855,BYPASS PRUNING SHEAR KK-APS-B1418,855.jpg
856,MANUAL SEEDER KK-MSD-S01,856.jpg
857,MANUAL SEEDER & FERTILISER KK-MSD-SF02,857.jpg
858,MANUAL SEEDLING TRANSPLANTER KK-MBT-01,858.jpg
859,AJEET 155 BG-II COTTON,859.jpg
860,AHAAR PLANT NUTRIENT (आहार ),860.jpg
861,PUSHP PLANT NUTRIENT,861.jpg
862,V-HUME PLANT NUTRIENT (HUMIC ACID),862.jpg
863,V-KURE ORGANIC FUNGICIDE & BACTERICIDE,863.jpg
864,V-BIND VIRICIDE,864.jpg
865,V-ZYME SPORT (TURF),865.jpg
866,No. 55 CUCUMBER,866.jpg
867,ARIES CHELAMIN (Zn as Zn EDTA 12%),867.jpg
868,ARIES CHELAMIN GOLD(Zn as Zn EDTA 15%),868.jpg
869,ARIES CHELAFER (Fe as Fe EDTA 12%),869.jpg
870,ARIES BORON - 20 NUTRIENT,870.jpg
871,ARIES HORTIMIN AGRICULTURAL MINERAL OIL,871.jpg
872,ARIES MARINO PLANT NUTRIENT,872.jpg
873,DEEPTI CAULIFLOWER F1,873.jpg
874,REMI CAULIFLOWER,874.jpg
875,DEKALB 8144 CORN,875.jpg
876,NS 592 TOMATO ( एनएस 592 टमाटर ),876.jpg
877,INDAM 5 CHILLI,877.jpg
878,INDAM 67 CHILLI,878.jpg
879,SEMI TALL ORANGE MARIGOLD (10000 sds),879.jpg
880,TAFABAN INSECTICIDE,880.jpg
881,PREET HERBICIDE ( प्रीट शाकनाशी ),881.jpg
882,WEEDMAR 80 HERBICIDE ( वीडमार शाकनाशी ),882.jpg
883,TEHELKA ORGANIC GROWTH BOOSTER,883.jpg
884,CROP DOCTOR ORGANIC FUNGICIDE,884.jpg
885,VENUS CHILLI,885.jpg
886,ALMIX HERBICIDE (अलमिक्स शाकनाशी ),886.jpg
887,RASSAM 054 TOMATO ( रसम 054 टमाटर ),887.jpg
888,MACHETE HERBICIDE ( मचैते शाकनाशी ),888.jpg
889,SWAT HERBICIDE ( स्वाट शाकनाशी ),889.jpg
890,DEKALB 7074 CORN,890.jpg
891,NBH - TANIA (815) CAULIFLOWER,891.jpg
892,TOPSTAR HERBICIDE ( टॉपस्टार शाकनाशी ),892.jpg
893,RED JEWEL (RED CABBAGE),893.jpg
894,PLANTOMYCIN BACTERICIDE,894.jpg
895,KORANDA 505 INSECTICIDE,895.jpg
896,KIRTI CABBAGE,896.jpg
897,ARIES AGROMIN MAX SOIL APPLICATION,897.jpg
898,ARIES AGROMIN MACROFERT FERTILIZER,898.jpg
899,ARIES CHELAMIN PLUS NUTRIENT,899.jpg
900,METRI HERBICIDE ( मेट्री शाकनाशी ),900.jpg
901,RACER HERBICIDE ( रेसर शाकनाशी ),901.jpg
902,ATRATAF HERBICIDE ( शाकनाशी ),902.jpg
903,AARTHI BRINJAL (आरती बेंगन),903.jpg
904,SUPRIYA BRINJAL,904.jpg
905,JEEVA BRINJAL,905.jpg
906,INDAM 614 BRINJAL,906.jpg
907,MULTISTAR RZ F1 CUCUMBER,907.jpg
908,TEJAS BITTERGOURD (तेजस करेला ),908.jpg
909,KRUSHNA WATER MELON,909.jpg
910,SUNSTAR RZ F1 CUCUMBER,910.jpg
911,KINGSTAR RZ F1 CUCUMBER,911.jpg
912,INSPIRATION RZ F1 RED CAPSICUM,912.jpg
913,INFINITY F1 CUCUMBER,913.jpg
914,BARRIER HERBICIDE ( बैरियर शाकनाशी ),914.jpg
915,PRO ALL NIGHT SOLAR EMERGENCY LIGHT,915.jpg
916,PRO 2 SOLAR EMERGENCY LIGHT,916.jpg
917,PICO PLUS SOLAR EMERGENCY LIGHT,917.jpg
918,HOME60 SOLAR LAMP,918.jpg
919,BOOM SOLAR LAMP WITH FM RADIO & MP3 PLAYER,919.jpg
920,MULTIPLEX MOLYBDENUM,920.jpg
921,COCO - TRAPP | Trap Red Palm Weevil and Rhinoceros Beetle,921.jpg
922,RED PALM WEEVIL LURE | Pest Control India,922.jpg
923,RHINOCEROS BEETLE LURE | Pest Control India,923.jpg
924,PRATIBHA SUMMER SQUASH,924.jpg
925,INDOFIL Z – 78 FUNGICIDE,925.jpg
926,S6668 MAIZE (मक्का),926.jpg
927,UPL SAATHI HERBICIDE ( साथी शाकनाशी ),927.jpg
928,REEVA 5 INSECTICIDE,928.jpg
929,ANANT INSECTICIDE ( अनंत कीटनाशक ),929.jpg
930,INDOFIL M 45 FUNGICIDE,930.jpg
931,MALATHION 50% E.C INSECTICIDE,931.jpg
932,FUJIONE FUNGICIDE,932.jpg
933,FALCONSTAR RZ F1 CUCUMBER,933.jpg
934,SANIA CUCUMBER,934.jpg
935,WINTER EXPRESS CUCUMBER,935.jpg
936,BACHATA RZ F1 YELLOW CAPSICUM,936.jpg
937,DHANUKA HEXADHAN FUNGICIDE,937.jpg
938,JASHN INSECTICIDE,938.jpg
939,BLITOX FUNGICIDE,939.jpg
940,CLASSIC NZ BEANS,940.jpg
941,LAWN MOWER - MANUAL (KK-LMM-450),941.jpg
942,V-45S46 MUSTARD ( सरसों ),942.jpg
943,BIMAL PUMPKIN,943.jpg
944,FLOCK FUNGICIDE,944.jpg
945,SMART SILAGE INOCULANT ( सिलेज इनोक्युलंट),945.jpg
946,V-45S35 MUSTARD ( सरसों ),946.jpg
947,INDOFIL AVTAR FUNGICIDE,947.jpg
948,APPLE AND PEARS FRUIT PICKER - FA44,948.jpg
949,MANGO FRUIT PICKER - FM44C,949.jpg
950,LOLA ROSSA LETTUCE,950.jpg
951,GRAND RAPIDS LETTUCE,951.jpg
952,SHANKAR TOMATO ( शंकर टमाटर ),952.jpg
953,CROP GUARD,953.jpg
954,SONAM TOMATO ( सोनम टमाटर ),954.jpg
955,RILON INSECTICIDE,955.jpg
956,AZAAL NEEM OIL ( अज़ाल नीम कीटनाशक ),956.jpg
957,PLETHORA INSECTICIDE ( प्लेथोरा कीटनाशक ),957.jpg
958,CELOSIA PLUMOSA FLOWER,958.jpg
959,GANESH DOLICHOS BEANS,959.jpg
960,MAIDEN INSECTICIDE,960.jpg
961,COLONEL-S INSECTICIDE ( कोलोनेल- एस कीटनाशक ),961.jpg
962,DEEJAY SAMPOORNA HYBRID COCONUT SEEDLINGS,962.jpg
963,BRUSH CUTTER/REAPER/WEEDER KK-BC-8640,963.jpg
964,P3388 CORN,964.jpg
965,BORO BEETROOT,965.jpg
966,MaxX WATERMELON,966.jpg
967,P3355 CORN,967.jpg
968,P3399 CORN,968.jpg
969,INDOFIL COMPANION FUNGICIDE,969.jpg
970,BAVISTIN 50 DF FUNGICIDE,970.jpg
971,PADDY GUARD FOR BRUSH CUTTER,971.jpg
972,3206 JOWAR (SORGHUM) (ज्वार),972.jpg
973,PAC837 HYBRID PADDY (RICE),973.jpg
974,LASSO HERBICIDE ( लासो शाकनाशी ),974.jpg
975,SOLARO HERBICIDE ( सोलरो शाकनाशी ),975.jpg
976,PARAFORCE HERBICIDE ( परफोर्स शाकनाशी ),976.jpg
977,TREAT BIO FUNGICIDE,977.jpg
978,SPOT BIO FUNGICIDE,978.jpg
979,NO. 1050 CHILLI,979.jpg
980,CHIRAG WATER MELON,980.jpg
981,DOW NUTRIBUILD Fe EDTA 12% ( Chelate) - 250 gms,981.jpg
982,DOW NUTRIBUILD Mix EDTA 12% ( Chelate) - 250 gms,982.jpg
983,DOW NUTRIBUILD Zn EDTA 12% ( Chelate) - 250 gms,983.jpg
984,BSS 1006 (YUVRAJ) TOMATO ( युवराज टमाटर ),984.jpg
985,PAC 8744 ADVANTA HYBRID PADDY (RICE),985.jpg
986,HYBRID CHILLI SUPER BAJJI,986.jpg
987,25P35 HYBRID  PADDY (RICE)(धान ),987.jpg
988,HYBRID IMPATIENS FLOWER,988.jpg
989,ETHREL GROWTH PROMOTER,989.jpg
990,IMMUN MANGO SPECIAL PLANT BOOSTER,990.jpg
991,FERTERRA INSECTICIDE ( फेरटेरा कीटनाशक ),991.jpg
992,DHANUKA MARKAR INSECTICIDE ( धानुका मारकर कीटनाशक ),992.jpg
993,DEKALB 9162 CORN,993.jpg
994,HEDGE SHEAR GTS007,994.jpg
995,PRUNING SECATEUR GTS002,995.jpg
996,ROLL CUT SECATEUR GTS003,996.jpg
997,KHURPA-4 SIC011,997.jpg
998,KHURPA-6 SIC013,998.jpg
999,AGRILITE HOE/POWRAH HOE042,999.jpg
1000,BOMBAY 7 HOE/POWRAH HOE009,1000.jpg
1001,GARDEN TOOLS 4 PCS SET (GTS092),1001.jpg
1002,SINGHAM BHENDI (OKRA) ( सिंघम भिंडी ),1002.jpg
1003,NUVAN INSECTICIDE ( नुवान कीटनाशक ),1003.jpg
1004,CARBOGRAN INSECTICIDE ( कार्बोग्रान कीटनाशक ),1004.jpg
1005,VEGETABLE SEEDLING TRANSPLANTER - VT33,1005.jpg
1006,KHURPA-7 SIC014,1006.jpg
1007,ZEBA CUCUMBER,1007.jpg
1008,KHEYTI KIT - PART 3,1008.jpg
1009,KHEYTI KIT - PART 4,1009.jpg
1010,KHEYTI KIT - PART 2,1010.jpg
1011,KHEYTI KIT - PART 1,1011.jpg
1012,BRINJAL FRUIT & SHOOT BORER (Leucinodes orbonalis) LURE | Pest Control India,1012.jpg
1013,WOTA - T Trap | Pest Control India,1013.jpg
1014,IMICON PREMIUM INSECTICIDE,1014.jpg
1015,PIONEER SILAGE INOCULANT ( सिलेज इनोक्युलंट),1015.jpg
1016,NS 9905 F1 CARROT,1016.jpg
1017,PRIME ACETAMAPRID INSECTICIDE ( प्राइम एसीटामाप्रिड कीटनाशक ),1017.jpg
1018,TRIFOS 40 INSECTICIDE,1018.jpg
1019,POLE BEANS NZ,1019.jpg
1020,CAPER INSECTICIDE ( केपर कीटनाशक ),1020.jpg
1021,CALDAN 50 SP INSECTICIDE ( कालडान 50 एस पी कीटनाशक ),1021.jpg
1022,PRIDE (151) CHILLI,1022.jpg
1023,DuPont KOCIDE 2000 FUNGICIDE/BACTERICIDE,1023.jpg
1024,VNR 212 BRINJAL,1024.jpg
1025,SUNRISE MUSK MELON (सनराइज),1025.jpg
1026,BIOVITA BIO ACTIVATOR ( बायोवीटा ),1026.jpg
1027,VESPA FUNGICIDE,1027.jpg
1028,TSW - 01 WATERMELON F1,1028.jpg
1029,NZ SUPER KING POLE BEANS,1029.jpg
1030,US 2 POLE BEANS NZ,1030.jpg
1031,BR-120 GROWTH PROMOTER,1031.jpg
1032,RASHI GROWTH REGULATOR,1032.jpg
1033,B-16 PLANT GROWTH REGULATOR,1033.jpg
1034,NEEMARK - NEEM INSECTICIDE - 10000 PPM,1034.jpg
1035,NEEMARK - NEEM INSECTICIDE - 300 PPM,1035.jpg
1036,MEENARK L INSECTICIDE,1036.jpg
1037,KITOGUARD FUNGICIDE,1037.jpg
1038,MULTIMAX NUTRIENT,1038.jpg
1039,NOMINEE GOLD HERBICIDE ( नॉमिनी गोल्ड शाकनाशी ),1039.jpg
1040,GOAL HERBICIDE ( गोल शाकनाशी ),1040.jpg
1041,CLINCHER HERBICIDE  ( क्लिंचर शाकनाशी ),1041.jpg
1042,SUNRICE HERBICIDE ( सुनराइस शाकनाशी ),1042.jpg
1043,MULCHING SHEET - RED LABEL  (White Black Mulch),1043.jpg
1044,CROP COVER,1044.jpg
1045,SOIL MOISTURE INDICATOR,1045.jpg
1046,PHYTOALEXIN - 84 FUNGICIDE,1046.jpg
1047,ELIXIR FUNGICIDE,1047.jpg
1048,KERADIX-F (HUMIC ACID),1048.jpg
1049,RANGAT COLOR ENHANCER,1049.jpg
1050,MADHULXIN SUGAR ENHANCER,1050.jpg
1051,RETAIN (ANTI STRESS),1051.jpg
1052,VIRAL OUT (ANTI VIRAL REMEDY),1052.jpg
1053,JET YELLOW MARIGOLD,1053.jpg
1054,TENNIS BALL YELLOW MARIGOLD,1054.jpg
1055,BUNNY ORANGE MARIGOLD,1055.jpg
1056,PYRAMID INSECTICIDE ( पिरामिड कीटनाशक ),1056.jpg
1057,RIDOMET FUNGICIDE (Metalaxyl 35% WS),1057.jpg
1058,Humic AG 95 WSG NUTRIENT,1058.jpg
1059,SHILAJIT AG NUTRIENT,1059.jpg
1060,BLACK DRAGON POWER GEL NUTRIENT,1060.jpg
1061,GIBRAX (गिबृक्ष) SP186 GROWTH REGULATOR (PROMOTER),1061.jpg
1062,GIBRAX PHYTOZYME GROWTH REGULATOR ( जिबरेक्स फाइटोजाईम वृद्धि नियंत्रक ),1062.jpg
1063,RETAIN GEL FERTILIZER,1063.jpg
1064,SCUBA SP NUTRIENT,1064.jpg
1065,ANEETA RIDGE GOURD (अनीता तुरई ),1065.jpg
1066,BSS 861 (ARYA) CHILLI,1066.jpg
1067,ARROW GOLD MARIGOLD,1067.jpg
1068,DEKALB 9149 CORN,1068.jpg
1069,MAGISTER INSECTICIDE,1069.jpg
1070,TRACER INSECTICIDE,1070.jpg
1071,DELEGATE INSECTICIDE ( डेलीगेट कीटनाशक ),1071.jpg
1072,BOND (3237) Chilli F1 Hybrid,1072.jpg
1073,TRANSFORM INSECTICIDE,1073.jpg
1074,PREDATOR INSECTICIDE ( प्रीडेटर कीटनाशक ),1074.jpg
1075,BENGARD FUNGICIDE,1075.jpg
1076,BEAM FUNGICIDE,1076.jpg
1077,Bioseed 6006 CHILLI (बायोसीड 6006 मिर्च ),1077.jpg
1078,SVTD8306 TOMATO ( एसवीटीडी 8306 टमाटर ),1078.jpg
1079,86M84 PEARL MILLET SEEDS (BAJRA),1079.jpg
1080,KERADIX GROWTH PROMOTER (POWDER),1080.jpg
1081,PARALAC HERBICIDE ( परलैक शाकनाशी ),1081.jpg
1082,CRAZE HERBICIDE ( क्रेज शाकनाशी ),1082.jpg
1083,IGNITE BIO-FERTILIZER,1083.jpg
1084,VIGOR 71 HERBICIDE ( विगोर 71 शाकनाशी ),1084.jpg
1085,ALLURE GROWTH PROMOTER,1085.jpg
1086,OPTIMUS GROWTH PROMOTER,1086.jpg
1087,KIRTHI CHILLI,1087.jpg
1088,MAHABHARATH CAPSICUM,1088.jpg
1089,VL - 642 TOMATO,1089.jpg
1090,BACTOSAN BIO STIMULANT,1090.jpg
1091,APSARA YELLOW 324 F1 MARIGOLD,1091.jpg
1092,GRAMOXONE HERBICIDE ( ग्रामोक्सोन शाकनाशी ),1092.jpg
1093,RIDOMIL GOLD FUNGICIDE,1093.jpg
1094,JAI KISSAN DRUMSTICK,1094.jpg
1095,SPLASH FUNGICIDE,1095.jpg
1096,VIRANG TOMATO,1096.jpg
1097,TUMBI BITTERGOURD ( तुम्बी करेला ),1097.jpg
1098,SW 502 MARIGOLD,1098.jpg
1099,SW 507 MARIGOLD,1099.jpg
1100,INDU CHILLI F1,1100.jpg
1101,ODYSSEY HERBICIDE ( ओडिसी शाकनाशी ),1101.jpg
1102,KARATE INSECTICIDE,1102.jpg
1103,CROPMAX GROWTH PROMOTER,1103.jpg
1104,WHITE MARIGOLD (VANILLA),1104.jpg
1105,UPTAKE BIO FERTILIZER | Potash Mobilizing Bacteria,1105.jpg
1106,MULTIPLEX MAGNUM Mn,1106.jpg
1107,SHEATHMAR FUNGICIDE,1107.jpg
1108,KILLOG HERBICIDE ( कीलोग शाकनाशी ),1108.jpg
1109,NAMI HERBICIDE ( नमि शाकनाशी ),1109.jpg
1110,JANAK BRINJAL,1110.jpg
1111,ECONEEM PLUS - AZADIRACHTIN 10000 PPM - BIOPESTICIDE,1111.jpg
1112,INDIGO BRINJAL,1112.jpg
1113,ELEGANT RED CARROT (OP),1113.jpg
1114,SHEETAL COWPEA-POLE (GREEN) (OP),1114.jpg
1115,RUDRA COWPEA POLE BEAN (RED) (OP),1115.jpg
1116,RUPALI FRENCH BUSH BEAN (OP),1116.jpg
1117,BHIM BOTTLE GOURD (BULB SHAPED) (भीम लौकी ),1117.jpg
1118,AADITYA PUMPKIN,1118.jpg
1119,SHAKIRA SPONGE GOURD,1119.jpg
1120,AALIYA SPONGE GOURD,1120.jpg
1121,ROSEY COWPEA-BUSH (RED)(OP),1121.jpg
1122,NAJUKA COWPEA BUSH (BEAN) (OP),1122.jpg
1123,MADHURAS MUSKMELON (OP),1123.jpg
1124,VACHAN SEM-7 DOLICHUS (GREEN),1124.jpg
1125,SATYAM 45 TOMATO ( सत्यम 45 टमाटर ),1125.jpg
1126,SARPAN F1 CHILLI -132,1126.jpg
1127,SARPAN F1 CHILLI -291,1127.jpg
1128,SARPAN F1 CHILLI DANDICUT-2,1128.jpg
1129,SARPAN F1 CHILLI DEEPA,1129.jpg
1130,SARPAN CAPSICUM HYBRID TX-9,1130.jpg
1131,SARPAN F1 BRINJAL-25,1131.jpg
1132,SARPAN F1 BRINJAL-50,1132.jpg
1133,SARPAN F1 BRINJAL-55,1133.jpg
1134,SARPAN F1 BRINJAL-65,1134.jpg
1135,SARPAN F1 BRINJAL-95,1135.jpg
1136,BELLI POLE BEANS,1136.jpg
1137,AAKASH BITTER GOURD (आकाश करेला ),1137.jpg
1138,VNR 22 BITTER GOURD ( वी एन आर 22 करेला ),1138.jpg
1139,COVER INSECTICIDE ( कवर कीटनाशक ),1139.jpg
1140,RALLIS TAARAK,1140.jpg
1141,VNR 109 CHILLI,1141.jpg
1142,RED LADY PAPAYA SAPLINGS,1142.jpg
1143,GLOSSY CUCUMBER,1143.jpg
1144,Z - GREEN PUMPKIN F1,1144.jpg
1145,DHRUVA BOTTLEGOURD ( ध्रुवा लौकी ),1145.jpg
1146,SHAAN BOTTLEGOURD ( शान लौकी ),1146.jpg
1147,MANIK INSECTICIDE,1147.jpg
1148,HUNK INSECTICIDE,1148.jpg
1149,TAKUMI INSECTICIDE,1149.jpg
1150,TAQAT FUNGICIDE,1150.jpg
1151,TAFGOR INSECTICIDE,1151.jpg
1152,SONIC FLO INSECTICIDE,1152.jpg
1153,SURE SHOT,1153.jpg
1154,ODIS INSECTICIDE ( ओड़िस कीटनाशक ),1154.jpg
1155,FLUTON INSECTICIDE ( फ़्लूटों कीटनाशक ),1155.jpg
1156,CARINA INSECTICIDE ( कैरीना कीटनाशक ),1156.jpg
1157,MAXIMA THIAMETHOXAM 25% WG INSECTICIDE,1157.jpg
1158,OSHEEN INSECTICIDE ( ओशीन कीटनाशक ),1158.jpg
1159,OVAL INSECTICIDE ( ओवल कीटनाशक ),1159.jpg
1160,ROKET INSECTICIDE,1160.jpg
1161,SANIPEB FUNGICIDE,1161.jpg
1162,CUPRINA FUNGICIDE,1162.jpg
1163,HUMESOL HUMIC ACID,1163.jpg
1164,ARUNDHATI 809 F1 TOMATO ( अरुंधती टमाटर ),1164.jpg
1165,MONOSTAR INSECTICIDE,1165.jpg
1166,IMIDASTAR INSECTICIDE,1166.jpg
1167,STARCLAIM INSECTICIDE,1167.jpg
1168,ECODERMA - TRICHODERMA VIRIDE- BIOPESTICIDE,1168.jpg
1169,ECOHUME - GR ® – BIOACTIVE HUMIC SUBSTANCES 1.5% GRANULES,1169.jpg
1170,ECOHUME ® – BIOACTIVE HUMIC SUBSTANCES 6%,1170.jpg
1171,ECONEEM  - AZADIRACHTIN 3000 PPM (0.3%) EC- BIOPESTICIDE,1171.jpg
1172,SCORE FUNGICIDE,1172.jpg
1173,YELAKKI BANANA SAPLINGS [TISSUE CULTURE],1173.jpg
1174,ORGANIC WASTE DECOMPOSER,1174.jpg
1175,MARSHALL INSECTICIDE,1175.jpg
1176,PMDC (F5) NEMATICIDE,1176.jpg
1177,BLAST OFF SYSTEMIC FUNGICIDE,1177.jpg
1178,SARPAN F1 HYBRID RIDGE GOURD-33 ( सर्पण एफ1 हाइब्रिड तुरई-33),1178.jpg
1179,SARPAN ALL SEASON HYBRID DOLICHOS -3,1179.jpg
1180,SARPAN ALL SEASON VEGETABLE DOLICHOS-16 BUSH,1180.jpg
1181,SARPAN ALL SEASON VEGETABLE DOLICHOS -27 BUSH,1181.jpg
1182,SARPAN HYBRID SNAKE GOURD-21,1182.jpg
1183,SARPAN HYBRID PAPAYA  SOLO-109,1183.jpg
1184,SARPAN HYBRID CUCUMBER -30,1184.jpg
1185,SARPAN HYBRID GAILARDIA -11 YELLOW,1185.jpg
1186,SARPAN HYBRID GAILARDIA GRAND MIX,1186.jpg
1187,DOUBLE EDGE SICKLE CUM KHURPA 7 INCH,1187.jpg
1188,SERRATED SICKLE,1188.jpg
1189,CATTLE BRUSH,1189.jpg
1190,AROMA MUSK MELON,1190.jpg
1191,AMINO 17 GROWTH PROMOTER,1191.jpg
1192,NPK 16:08:24  WATER SOLUBLE FERTILIZER,1192.jpg
1193,NPK 19:19:19  WATER SOLUBLE FERTILIZER,1193.jpg
1194,NPK 12-61-00 WATER SOLUBLE FERTILIZER (MONO AMMONIUM PHOSPHATE),1194.jpg
1195,NPK 20:20:20 WATER SOLUBLE FERTILIZER,1195.jpg
1196,NPK 13:00:45 WATER SOLUBLE FERTILIZER (POTASSIUM NITRATE),1196.jpg
1197,NPK 0:00:50 (POTASSIUM SULPHATE),1197.jpg
1198,NPK 0:52:34 (MONO POTASSIUM PHOSPHATE),1198.jpg
1199,MAGNESIUM SULPHATE FERTILIZER (EPSOM SALT FOR PLANTS),1199.jpg
1200,MAGNESIUM NITRATE FERTILIZER,1200.jpg
1201,AMMONIUM SULPHATE FERTILIZER,1201.jpg
1202,CALCIUM NITRATE FERTILIZER,1202.jpg
1203,K:MG:S (22:18:20) Fertilizer,1203.jpg
1204,"NPK ASSORTED WATER SOLUBLE FERTILIZER (19:19:19 , 00:00:50, 00:52:34, 12:61:00, 13:00:45, CALCIUM NITRATE)",1204.jpg
1205,AMPOXCILIN – CHELATED MULTI MICRO NUTRIENT FERTILIZER,1205.jpg
1206,ZINC MICRONUTRIENT FERTILIZER,1206.jpg
1207,IRON (FERROUS) CHELATED MICRONUTRIENT FERTILIZER,1207.jpg
1208,M6 BORON MICRONUTRIENT FERTILIZER,1208.jpg
1209,PRIME GOLD,1209.jpg
1210,EMA GOLD -EMAMECTIN BENZOATE 5% SG ( एमा गोल्ड ),1210.jpg
1211,BOROGOLD FUNGICIDE (PREVENTIVE FUNGICIDE/BACTERICIDE - BROAD SPECTRUM),1211.jpg
1212,3 STAR M45 MANCOZEB 75% WP,1212.jpg
1213,VALUE GOLD FUNGICIDE - COPPER OXYCHLORIDE 50%,1213.jpg
1214,FEISTA BROCCOLI,1214.jpg
1215,ECOMONAS (PSEUDOMONAS FLOURESCENS)- BIOPESTICIDE,1215.jpg
1216,POLYCARBONATE PORTABLE WATER STRUCTURING UNIT,1216.jpg
1217,UPVC IRRIGATION WATER STRUCTURING UNIT,1217.jpg
1218,BRAHMA PUMPKIN,1218.jpg
1219,UPVC PLUS IRRIGATION WATER STRUCTURING UNIT,1219.jpg
1220,UPVC+ NG IRRIGATION WATER STRUCTURING UNIT,1220.jpg
1221,STAINLESS STEEL DOMESTIC WATER STRUCTURING UNIT,1221.jpg
1222,STAINLESS STEEL PRO WATER STRUCTURING UNIT,1222.jpg
1223,EURO 55 TRACTOR,1223.jpg
1224,BALWANT BOTTLEGOURD ( बलवंत लौकी ),1224.jpg
1225,MULCHING MACHINE,1225.jpg
1226,BED MAKER,1226.jpg
1227,MULCHING CUM BED MAKER,1227.jpg
1228,HANDY VEGETABLE PLANTER,1228.jpg
1229,MULCH HOLE MAKER,1229.jpg
1230,POWER WEEDER CUM BUSH CUTTER,1230.jpg
1231,"SUPER SHOT - SILICON BASED STICKING, DISPERSING AND SPREADING AGENT",1231.jpg
1232,SLUUURP - WETTING AND SPREADING AGENT,1232.jpg
1233,OMEGA GOLD PGR (HUMIC ACID),1233.jpg
1234,PRO GOLD PROFENOPHOS 50% EC ( प्रो गोल्ड प्रोफेनोफोस 50% ई सी ),1234.jpg
1235,BHIMA PUMPKIN,1235.jpg
1236,"ANNAPURNA MULCHING SHEET (Silver Black Mulch - Width - 4 ft, Length - 400 m, 25 MIC)",1236.jpg
1237,P3522 CORN,1237.jpg
1238,P3355 POWER(LL) CORN,1238.jpg
1239,P3522 POWER CORN,1239.jpg
1240,"ANNAPURNA MULCHING SHEET (Silver Black Mulch - Width - 3 ft, Length - 400 m, 25 MIC)",1240.jpg
1241,ECOTIN ® – AZADIRACHTIN 50000 PPM (5%) EC - BIO INSECTICIDE ( इकोटिन जैव कीटनाशक ),1241.jpg
1242,SF 009 F1 (OKRA) ( एसएफ 009 एफ 1 भिंडी ),1242.jpg
1243,SRIZONE HERBICIDE ( शाकनाशी ),1243.jpg
1244,CARBOMAIN INSECTICIDE ( कार्बोमैन कीटनाशक ),1244.jpg
1245,FERIO HERBICIDE ( फेरिओ शाकनाशी ),1245.jpg
1246,PRIVI PEAKMAX,1246.jpg
1247,PRIVID SEAWEED EXTRACT (GROWTH PROMOTER),1247.jpg
1248,ALLAHABAD GUAVA SAPLINGS,1248.jpg
1249,PRIVI GEOXOL.COM GRANULES,1249.jpg
1250,AFRICAN DOUBLE YELLOW MARIGOLD SEEDS,1250.jpg
1251,TAILAND WHITE GUAVA SAPLINGS (CLONE),1251.jpg
1252,TAILAND RED GUAVA SAPLINGS,1252.jpg
1253,L-49 GUAVA SAPLINGS (CLONE),1253.jpg
1254,LALITH GUAVA SAPLINGS (CLONE),1254.jpg
1255,TIPTUR TALL COCONUT SAPLING,1255.jpg
1256,CEYLON DWARF YELLOW COCONUT SAPLING,1256.jpg
1257,CEYLON DWARF GREEN COCONUT SAPLING,1257.jpg
1258,CEYLON DWARF RED COCONUT SAPLING,1258.jpg
1259,SANDALWOOD SAPLINGS,1259.jpg
1260,HABIB RZ F1 CHILLI,1260.jpg
1261,TAHOE RZ F1 BROCCOLI,1261.jpg
1262,FUJITA FUNGICIDE,1262.jpg
1263,OZONE HERBICIDE ( ओजोन शाकनाशी ),1263.jpg
1264,PAGER INSECTICIDE (पेजर कीटनाशक ),1264.jpg
1265,KEMTREK FORCE INSECTICIDE,1265.jpg
1266,APPLE INSECTICIDE ( एप्पल कीटनाशक ),1266.jpg
1267,MAHARAJA WATERMELON,1267.jpg
1268,MADHU 149 MUSK MELON,1268.jpg
1269,MANAS WATERMELON,1269.jpg
1270,DELFIN WG ® – BACILLUS THURINGIENSIS ( डेल्फिन कीटनाशक ),1270.jpg
1271,MIT PLUS INSECTICIDE,1271.jpg
1272,LOOPER INSECTICIDE,1272.jpg
1273,BATTALION INSECTICIDE ( बटालियन कीटनाशक ),1273.jpg
1274,35-160  RZ F1 RED CAPSICUM (लाल शिमला मिर्च),1274.jpg
1275,KALIROY RZ F1 YELLOW CAPSICUM,1275.jpg
1276,PASARELLA RZ F1 GREEN CAPSICUM,1276.jpg
1277,LUCKY CAULIFLOWER SEEDS,1277.jpg
1278,HARIRANI YARD LONG BEAN,1278.jpg
1279,STARTHENE SUPER INSECTICIDE,1279.jpg
1280,BIOCLAIM INSECTICIDE ( बायोक्लेम कीटनाशक ),1280.jpg
1281,VOLAX INSECTICIDE,1281.jpg
1282,NS 1253 BROCCOLI,1282.jpg
1283,NS BUNCHING ONION,1283.jpg
1284,NS 1478 CELERY GREEN,1284.jpg
1285,NS 1457 CHINESE CABBAGE,1285.jpg
1286,NS 1461 CHINESE CABBAGE,1286.jpg
1287,NS 1462 CHINESE CABBAGE,1287.jpg
1288,CHOISUM (Choy sum),1288.jpg
1289,NS 1476 ENDIVE CURLED,1289.jpg
1290,RIMON INSECTICIDE,1290.jpg
1291,ATTRAVIN HERBICIDE ( शाकनाशी ),1291.jpg
1292,P3533 CORN,1292.jpg
1293,P3535 CORN,1293.jpg
1294,SAMBRAMA MICRONUTRIENT FERTILIZER,1294.jpg
1295,MULTIPLEX KRANTI MICRONUTRIENT FERTILIZER,1295.jpg
1296,MULTIPLEX MANGANESE MICRONUTRIENT FERTILIZER,1296.jpg
1297,PANKHUDI CLUSTER BEANS,1297.jpg
1298,ARIES AGRIPRO MICRO NUTRIENT FERTILIZER,1298.jpg
1299,NISHA CHILLI,1299.jpg
1300,MALIKA CHILLI,1300.jpg
1301,RED LADY PAPAYA + MALIKA CHILLI,1301.jpg
1302,RED LADY PAPAYA + NISHA CHILLI,1302.jpg
1303,KUNDAN MUSK MELON + TRISHA 2 MUSK MELON + NISHA CHILLI,1303.jpg
1304,KUNDAN MUSK MELON + RAMYAA MUSK MELON + MALIKA CHILLI,1304.jpg
1305,KUNDAN MUSK MELON + RUCHA CUCUMBER + NISHA CHILLI,1305.jpg
1306,KUNDAN MUSKMELON + RUCHA CUCUMBER + MALIKA CHILLI,1306.jpg
1307,RAMYAA MUSK MELON,1307.jpg
1308,JANNAT WATERMELON,1308.jpg
1309,KUNDAN MUSKMELON + JANNAT WATERMELON + MALIKA CHILLI,1309.jpg
1310,KUNDAN MUSKMELON + JANNAT WATERMELON + NISHA CHILLI,1310.jpg
1311,KUNDAN MUSK MELON + TRISHA 2 MUSK MELON + MALIKA CHILLI,1311.jpg
1312,KUNDAN MUSK MELON + RAMYAA MUSK MELON + NISHA CHILLI,1312.jpg
1313,ARIES FERTIMAX NP,1313.jpg
1314,ARIES AQUACAL,1314.jpg
1315,NS 10100 CELERY GREEN,1315.jpg
1316,FAW LURE | PEST CONTROL INDIA,1316.jpg
1317,IMUEN PLANT BOOSTER (V-ZYME),1317.jpg
1318,MULTIPLEX NALPAK BIO FERTILIZER,1318.jpg
1319,MULTIPLEX NISARGA BIO FUNGICIDE,1319.jpg
1320,MULTIPLEX SAFE ROOT BIO NEMATICIDE,1320.jpg
1321,VARSHA TOMATO,1321.jpg
1322,PRACHI F1 BITTERGOURD ( प्राची एफ 1 करेला ),1322.jpg
1323,NS 962 TOMATO ( एनएस 962 टमाटर ),1323.jpg
1324,MALIKA RIDGEGOURD (मलिका तुरई ),1324.jpg
1325,RAMA F1 RIDGEGOURD (रामा एफ 1 तुरई ),1325.jpg
1326,PRANEETA F1 BITTERGOURD ( प्रणीता एफ 1 करेला ),1326.jpg
1327,CHAAYA 386 F1 BITTERGOURD ( छाया 386 एफ 1 करेला ),1327.jpg
1328,MAINA 379 F1 BITTERGOURD ( मैना 379 एफ 1 करेला  ),1328.jpg
1329,MAYA 009 F1 BITTERGOURD ( माया 009 एफ 1 करेला ),1329.jpg
1330,ELITE HERBICIDE ( इलाइट शाकनाशी ),1330.jpg
1331,MASTER FUNGICIDE,1331.jpg
1332,SW 506 YELLOW MARIGOLD,1332.jpg
1333,SW 509 MARIGOLD,1333.jpg
1334,HAND WEEDER - LWS 07 (WITHOUT PIPE),1334.jpg
1335,PREMIUM AZOSPI (AZOSPIRILLUM),1335.jpg
1336,PREMIUM AZOTO (AZOTOBACTER),1336.jpg
1337,PREMIUM ACETO (ACETOBACTER),1337.jpg
1338,PREMIUM  RHIZO (RHIZOBIUM),1338.jpg
1339,MOVENTO® ENERGY INSECTICIDE,1339.jpg
1340,SIVANTO® PRIME INSECTICIDE,1340.jpg
1341,EURO 60 Tractor,1341.jpg
1342,AFA 10 CYLON BEANS,1342.jpg
1343,PT 4455 DS+ EURO TRACTOR,1343.jpg
1344,EURO 50 TRACTOR,1344.jpg
1345,PAKEEZA WATERMELON,1345.jpg
1346,EURO 45 PLUS 4WD TRACTOR,1346.jpg
1347,EURO 45 PLUS 2WD TRACTOR,1347.jpg
1348,PT 439 DS PLUS ALT 4000 TRACTOR,1348.jpg
1349,NS ZINNIA SUPER YOGA MIX,1349.jpg
1350,NS SALVIA SALSA,1350.jpg
1351,NS PANSY SWISS GIANT REGULAR MIX FLOWER,1351.jpg
1352,NS IMPATIENS F2 MIX FLOWER,1352.jpg
1353,PREMIUM POTASH ACTIVA (POTASH MOBILIZING BACTERIA),1353.jpg
1354,"BIO-NPK (NITROGEN,PHOSPHORUS,POTASSIUM)",1354.jpg
1355,PT 425 N TRACTOR,1355.jpg
1356,PT 425 TRACTOR,1356.jpg
1357,PT 434 DS SUPER SAVER TRACTOR,1357.jpg
1358,PT 434 PLUS TRACTOR,1358.jpg
1359,PT 434 DS PLUS EURO 37 TRACTOR,1359.jpg
1360,PT 439 DS SUPER SAVER TRACTOR,1360.jpg
1361,PT 439 PLUS TRACTOR,1361.jpg
1362,EURO 41 TRACTOR,1362.jpg
1363,EURO 41 PLUS TRACTOR,1363.jpg
1364,EURO 45 TRACTOR,1364.jpg
1365,PT 434 DS PLUS ALT 3500 TRACTOR,1365.jpg
1366,SURYAMUKHI PUMPKIN,1366.jpg
1367,NS 9823 ZUCCHINI - LONG YELLOW,1367.jpg
1368,NS 9881 ZUCCHINI - LONG YELLOW,1368.jpg
1369,NS PAKCHOI,1369.jpg
1370,NS PAKCHOI,1370.jpg
1371,NS 1454 LEAF LETTUCE RED,1371.jpg
1372,NS ICEBERG LETTUCE,1372.jpg
1373,NS CABBAGE RED,1373.jpg
1374,NS ZUCCHINI - ROUND LIGHT GREEN,1374.jpg
1375,NS PAKCHOI,1375.jpg
1376,NS 10300 LEAF LETTUCE GREEN AND RED,1376.jpg
1377,NS AGERATUM DWARF BALL MIX,1377.jpg
1378,NS CELOSIA PLUMOSA FOREST FIRE,1378.jpg
1379,CELOSIA CRISTATA CORAL GARDEN MIX,1379.jpg
1380,NS VINCA PACIFICA MIX,1380.jpg
1381,NS ASTER DWARF CC MIX,1381.jpg
1382,NS GAZANIA F1 KISS FROSTY MIX,1382.jpg
1383,NS IMPATIENS F1 ACCENT PREMIUM MIX,1383.jpg
1384,NS AFRICAN MARIGOLD F1 INCA MIX,1384.jpg
1385,NS AFRICAN MARIGOLD F1 VANILLA WHITE,1385.jpg
1386,NS GERBERA SIN FLO HYB MIX,1386.jpg
1387,NS AFRICAN MARIGOLD MAJESTIC YELLOW,1387.jpg
1388,NS AFRICAN MARIGOLD DWARF INDIAN MIX,1388.jpg
1389,WL 005 WATER MELON,1389.jpg
1390,WL 001 WATER MELON,1390.jpg
1391,NS ICEBERG LETTUCE,1391.jpg
1392,NS ICEBERG LETTUCE,1392.jpg
1393,NS 1479 SPINACH,1393.jpg
1394,NS 1480 LEAF LETTUCE,1394.jpg
1395,NS 1485 LEAF LETTUCE,1395.jpg
1396,NS 1466 SPINACH,1396.jpg
1397,NS 1484 SWISS CHARD,1397.jpg
1398,NS 1481 TURNIP PURPLE TOP,1398.jpg
1399,NS KALE CURLY,1399.jpg
1400,MH 38 MUSKMELON,1400.jpg
1401,JAYA CABBAGE,1401.jpg
1402,FAW COMBO PACK (LURE + TRAP),1402.jpg
1403,VAMLET (VESICULAR ARBUSCULAR MYCORRHIZA (VAM)),1403.jpg
1404,PREMIUM ZINC ACTIVATOR,1404.jpg
1405,PREMIUM EMC (GROWTH PROMOTION & PLANT HEALTH),1405.jpg
1406,SANJEEVNI (TRICHODERMA VIRIDE) BIO FUNGICIDE,1406.jpg
1407,BACTVIPE (PSEUDOMONAS FLUORESCENS) BIO FUNGICIDE,1407.jpg
1408,MILGO (AMPELOMYCES QUISQUALIS) BIO FUNGICIDE,1408.jpg
1409,MILDOWN (BACILLUS SUBTILIS) BIO INSECTICIDE,1409.jpg
1410,BHINI CORIANDER (ROUND),1410.jpg
1411,LEELA PUMPKIN F1,1411.jpg
1412,LAUDIS HERBICIDE ( लॉडिस शाकनाशी ),1412.jpg
1413,EM-1 INSECTICIDE ( ई एम-1 कीटनाशक ),1413.jpg
1414,ARADHANA MARIGOLD,1414.jpg
1415,TO-6242 TOMATO,1415.jpg
1416,EDGING KNIFE FEK-20,1416.jpg
1417,FPFC-228 FRUIT CATCHER WITHOUT EXTENSION PIPE,1417.jpg
1418,SUPRIT 2 WATER MELON,1418.jpg
1419,MARY GREEN YARD LONG BEANS,1419.jpg
1420,"COIR SEEDLING COINS COCOPEAT DISC, 50MM JIFFY PLUGS",1420.jpg
1421,SW 1508 HYBRID ROUND TOMATO,1421.jpg
1422,RAADHIKA BHENDI (OKRA)  ( राधिका भिंडी ),1422.jpg
1423,SANDALWOOD SEEDS,1423.jpg
1424,ELECTROL,1424.jpg
1425,BROLAYTON AD3EC MINERALS ORAL LIQUID FOR ANIMALS,1425.jpg
1426,FARMTRAC 45 SMART TRACTOR,1426.jpg
1427,FARMTRAC CHAMPION XP 41 TRACTOR,1427.jpg
1428,FARMTRAC CHAMPION 39 TRACTOR,1428.jpg
1429,FARMTRAC CHAMPION 35 TRACTOR,1429.jpg
1430,P1855 CORN,1430.jpg
1431,P1899 CORN,1431.jpg
1432,GREEN HELMET CABBAGE,1432.jpg
1433,OROBELLE CAPSICUM,1433.jpg
1434,ANUPAMA BEANS,1434.jpg
1435,BHATINDA 409 F1,1435.jpg
1436,MANGO FRUIT PICKER - FM01,1436.jpg
1437,VISHALA WATERMELON,1437.jpg
1438,MULTIPLEX FLOWER BOOSTER,1438.jpg
1439,B-TONIC (B-COMPLEX VITAMINS),1439.jpg
1440,"E WITH SE (VITAMIN E, SELENIUM & HERBS)",1440.jpg
1441,LIVOR T (LIVER & KIDNEY TONIC - SYNTHETIC. (LIQUID / FEED MIX),1441.jpg
1442,HONEY POT (BMR SWEET SORGHUM) FORAGE,1442.jpg
1443,INFINITY (MULTI-CUT SORGHUM SUDAN GRASS),1443.jpg
1444,FAT BOY (MULTI-CUT FORAGE SORGHUM),1444.jpg
1445,SWEET SPOT (SWEET SORGHUM),1445.jpg
1446,WONDER LEAF (MILLET MULTI-CUT),1446.jpg
1447,MILLET MAX (MILLET MULTI-CUT),1447.jpg
1448,SILAGE MASTER ® 70 (70 DAYS SILAGE CORN SEEDS),1448.jpg
1449,MAX-PRO (LUCERNE) FORAGE,1449.jpg
1450,CLIMBER (COWPEA- INDETERMINATE),1450.jpg
1451,BAR-BAR (BERSEEM),1451.jpg
1452,PRO 200 SOLAR EMERGENCY LIGHT,1452.jpg
1453,TITANIC (ANNUAL RYE GRASS),1453.jpg
1454,CHICKLET (CHICORY),1454.jpg
1455,AFA 306 WATERMELON,1455.jpg
1456,SHINEFIT RZ F1 CUCUMBER,1456.jpg
1457,SW 1506 HYBRID OVAL TOMATO,1457.jpg
1458,ABHIGYAN TOMATO (अभिज्ञान टमाटर ),1458.jpg
1459,"CAL P (ORAL CALCIUM, PHOSPHORUS, VITAMIN D3 & B12)",1459.jpg
1460,ADSORBYL (MULTITOXINS BINDER),1460.jpg
1461,TRACEMIL (ALL ESSENTIAL TRACE MINERALS),1461.jpg
1462,FLYDRIT (CYROMAZINE – FOR FLY CONTROL),1462.jpg
1463,FYTATE PHYTASE (DOUBLE STRENGTH) 5000 IU,1463.jpg
1464,"ENZYMEX (ENZYMES, PROBIOTICS & YEAST)",1464.jpg
1465,ACIDO FAST (ULTIMATE FORMULA FOR BACTERIAL CONTAMINATION OF FEED),1465.jpg
1466,MINLMIX (MINERAL MIXTURE FOR COWS/BUFFALOES),1466.jpg
1467,SB SILAGE CULTURE,1467.jpg
1468,CHICK DRINKER,1468.jpg
1469,CHICK FEEDER,1469.jpg
1470,8 KG CHICK FEEDER (THREE STEP ADJUSTABLE),1470.jpg
1471,JUMBO FEEDER,1471.jpg
1472,JUMBO DRINKER,1472.jpg
1473,FEMALE FEEDER,1473.jpg
1474,MALE FEEDER,1474.jpg
1475,URAL OP RADISH,1475.jpg
1476,SAPNA F1 PAPAYA,1476.jpg
1477,SARASWATHI WATERMELON,1477.jpg
1478,ALL GREEN PALAK,1478.jpg
1479,REKHA RIDGEGOURD,1479.jpg
1480,COVAI 951 SNAKE GOURD,1480.jpg
1481,SARPAN HYBRID- SNOW BALL,1481.jpg
1482,AMRUTA NPK 19:19:19 WATER SOLUBLE FERTILIZER,1482.jpg
1483,AMRUTA NPK 12-61-00 WATER SOLUBLE FERTILIZER,1483.jpg
1484,AMRUTA NPK 0:52:34 WATER SOLUBLE FERTILIZER,1484.jpg
1485,AMRUTA NPK 13:00:45 WATER SOLUBLE FERTILIZER,1485.jpg
1486,AMRUTA NPK 13:40:13 WATER SOLUBLE FERTILIZER,1486.jpg
1487,AMRUTA NPK 20:20:20 WATER SOLUBLE FERTILIZER,1487.jpg
1488,AMRUTA NPK 24:24:00 WATER SOLUBLE FERTILIZER,1488.jpg
1489,AMRUTA CALCIUM NITRATE FERTILIZER,1489.jpg
1490,MEERA-OP CHILLI,1490.jpg
1491,PANVEL OP CHILLI,1491.jpg
1492,KOHINOOR CLUSTER BEANS,1492.jpg
1493,522 F1 HYBRID BRINJAL,1493.jpg
1494,CORUMBA RADISH,1494.jpg
1495,Kitchen Garden Pack,1495.jpg
1496,999 CORIANDER,1496.jpg
1497,PROFILER FUNGICIDE,1497.jpg
1498,AMRUTA NPK 0:00:50 WATER SOLUBLE FERTILIZER,1498.jpg
1499,TILT FUNGICIDE,1499.jpg
1500,AMISTAR FUNGICIDE,1500.jpg
1501,FOLIO GOLD FUNGICIDE (Metalaxyl+Chlorothalonil),1501.jpg
1502,AMISTAR TOP FUNGICIDE,1502.jpg
1503,TASPA FUNGICIDE,1503.jpg
1504,ACTARA INSECTICIDE  ( अक्तारा कीटनाशक ),1504.jpg
1505,AMPLIGO INSECTICIDE ( एमप्लिगो कीटनाशक ),1505.jpg
1506,ALIKA INSECTICIDE ( अलिका कीटनाशक ),1506.jpg
1507,MATADOR INSECTICIDE,1507.jpg
1508,CURACRON INSECTICIDE ( कुराक्रोंन कीटनाशक ),1508.jpg
1509,EKALUX INSECTICIDE( एकलक्स कीटनाशक ),1509.jpg
1510,ISABION GROWTH PROMOTER,1510.jpg
1511,DUPONT EQUATION PRO FUNGICIDE,1511.jpg
1512,KEEFUN INSECTICIDE,1512.jpg
1513,LURIT FUNGICIDE,1513.jpg
1514,"ANNAPURNA MULCHING SHEET (Silver Black Mulch - Width - 4 ft, Length - 400 m, 21 MIC)",1514.jpg
1515,AGIL HERBICIDE,1515.jpg
1516,FILWET PREMIUM ADJUVANT,1516.jpg
1517,MATCO 8-64 FUNGICIDE,1517.jpg
1518,MERGER FUNGICIDE,1518.jpg
1519,SARPAN 102 SUPER CHILLI,1519.jpg
1520,SAAHO TOMATO [TO-3251],1520.jpg
1521,CHAMELI 015 F1 BHENDI  (OKRA),1521.jpg
1522,NS 10353 LEAF LETTUCE RED,1522.jpg
1523,EQUVINOX  SPRAY LIQUID pH BALANCER,1523.jpg
1524,ASMITA BITTER GOURD,1524.jpg
1525,ROJA TOMATO (CHEERY TOMATO),1525.jpg
1526,HAND CULTIVATOR WITHOUT PIPE,1526.jpg
1527,US 51 SUPER COTTON (SWCH 4744 BGII),1527.jpg
1528,US 81 COTTON (SWCH 4757 BGII),1528.jpg
1529,US 71 COTTON (SWCH 4755 BGII),1529.jpg
1530,RALLIGOLD GROWTH PROMOTER,1530.jpg
1531,REEVA 2.5 INSECTICIDE,1531.jpg
1532,DHANUKA KASU-B BACTERICIDE,1532.jpg
1533,SOROT RIDGEGOURD,1533.jpg
1534,GLYCEL HERBICIDE,1534.jpg
1535,EXCEL MERA 71 HERBICIDE,1535.jpg
1536,TRICEL INSECTICIDE (CHLORPYRIPHOS),1536.jpg
1537,PYROMITE INSECTICIDE,1537.jpg
1538,CELCRON INSECTICIDE,1538.jpg
1539,TATAFEN INSECTICIDE,1539.jpg
1540,NAGATA INSECTICIDE,1540.jpg
1541,ISHAAN FUNGICIDE,1541.jpg
1542,GREEN LETTUCE,1542.jpg
1543,PHEROMONES TRAP+LURE,1543.jpg
1544,NS CELOSIA PLUMOSA S.D. KIMONO MIX,1544.jpg
1545,CELOSIA CRISTATA AMEGO MIX,1545.jpg
1546,ARIES FERTIMAX PK(0-52-34) FERTILIZER,1546.jpg
1547,BHARTA 436 F1 BRINJAL,1547.jpg
1548,SAIRA 934 F1 CUCUMBER,1548.jpg
1549,REENU YARD LONG BEANS,1549.jpg
1550,MUKTA MOTI BRINJAL,1550.jpg
1551,SUGUNA WAX GOURD,1551.jpg
1552,WHITE MARBLE CAULIFLOWER,1552.jpg
1553,NAVYA BHENDI (OKRA),1553.jpg
1554,NASIK RED ONION (N-53),1554.jpg
1555,CHERAMY RZ F1 (72-122) TOMATO (CHERRY TOMATO),1555.jpg
1556,VALOURO RZ F1 (74-672) TOMATO (BEEF STICK TOMATO),1556.jpg
1557,NOWARA RZ F1 TOMATO (OVAL TOMATO),1557.jpg
1558,MASSILIA RZ F1 RED CAPSICUM,1558.jpg
1559,CONCORDE RZ (85-53) RED LEAFY LETTUCE,1559.jpg
1560,LOCARNO RZ (85-81) GREEN LEAFY LETTUCE,1560.jpg
1561,CHEROKEE RZ (81-36) RED BATAVIA LETTUCE,1561.jpg
1562,STARFIGHTER RZ (81-85) GREEN BATAVIA LETTUCE,1562.jpg
1563,BRUMA RZ (45-43) ICEBERG LETTUCE,1563.jpg
1564,MAXIMUS RZ (41-95) COX LETTUCE,1564.jpg
1565,TIBERIUS RZ (41-27) COX LETTUCE,1565.jpg
1566,VNR 3348 TOMATO,1566.jpg
1567,NSG-28 SPONGE GOURD,1567.jpg
1568,BHARAT CAPSICUM,1568.jpg
1569,FITO PURPLE BRINJAL,1569.jpg
1570,PURPLE LONG BRINJAL,1570.jpg
1571,CITRON TOMATO,1571.jpg
1572,KASATA BITTERGOURD,1572.jpg
1573,US 4715 BG II (SWCH 4715 BG II) COTTON,1573.jpg
1574,US 4708 BG II (SWCH 4708 BG II) COTTON,1574.jpg
1575,BSS 365 HYBRID CHILLI,1575.jpg
1576,SW 506 YELLOW + SW 509 ORANGE MARIGOLD COMBO PACK,1576.jpg
1577,AMANSHRI BITTER GOURD (अमनश्री करेला ),1577.jpg
1578,BLACK & SILVER MULCHING SHEET 4FT * 400 METERS (30 MICRONS),1578.jpg
1579,Sarpan Hybrid Marigold-SFR-5,1579.jpg
1580,ALLBOR-BORON 20%,1580.jpg
1581,NEEL Cu-COPPER EDTA 12%,1581.jpg
1582,NAGASTHA-180 SPRAY ADJUVANT,1582.jpg
1583,BHINI CORIANDER (SPLIT),1583.jpg
1584,NS KALE CURLY,1584.jpg
1585,MAGNA COTTON,1585.jpg
1586,NEO COTTON (RCH 578 BG II),1586.jpg
1587,RCH - 668 BG II COTTON,1587.jpg
1588,DANITOL INSECTICIDE,1588.jpg
1589,HAMLA 550 INSECTICIDE,1589.jpg
1590,NS 1701 CHILLI (LG),1590.jpg
1591,KURODA PREMIUM CARROT,1591.jpg
1592,VIRTAKO INSECTICIDE,1592.jpg
1593,GRAND NAINE BANANA SAPLINGS [TISSUE CULTURE]- G NAINE,1593.jpg
1594,E.W.V IMP KNOL KHOL,1594.jpg
1595,BLACK & SILVER MULCHING SHEET 3FT * 400 METERS (25 MICRONS),1595.jpg
1596,BLACK & SILVER MULCHING SHEET 4FT * 400 METERS (25 MICRONS),1596.jpg
1597,SPINE GOURD GRI- 89 (कंटोला),1597.jpg
1598,ARMOUR CHILLI F1,1598.jpg
1599,MONEY MAKER COTTON (KCH-100 BG II),1599.jpg
1600,NAVANEETH COTTON (NCS 929),1600.jpg
1601,SADANAND BG II COTTON,1601.jpg
1602,CCH 999 BG II HYBRID COTTON,1602.jpg
1603,KHAZANA BG II HYBRID COTTON,1603.jpg
1604,ASHIRWAD BG II COTTON (MH 5343),1604.jpg
1605,RAJA COTTON (NCS-954 BG II),1605.jpg
1606,DENIM COTTON (PRCH-709),1606.jpg
1607,AXE COTTON,1607.jpg
1608,FORCE COTTON (PRCH-703),1608.jpg
1609,MERCURY CHILLI,1609.jpg
1610,GROWMIN GOLD MULTI MICRONUTRIENT (LIQUID),1610.jpg
1611,YUDHVEER BG-II COTTON,1611.jpg
1612,LIHOCIN GROWTH REGULATOR,1612.jpg
1613,PROFEX SUPER INSECTICIDE,1613.jpg
1614,EKKA INSECTICIDE,1614.jpg
1615,MULTIPLEX JIVRAS,1615.jpg
1616,PROKISSAN CHELATED MICRONUTRIENT MIXTURE,1616.jpg
1617,KARATHANE GOLD FUNGICIDE,1617.jpg
1618,RUDRA HYBRID CHILLI (JIVA 508),1618.jpg
1619,SINDHU 9 HYBRID CHILLI,1619.jpg
1620,DRUVA (IMP) CHILLI,1620.jpg
1621,BLACK & SILVER MULCHING SHEET 4FT * 400 METERS (21 MICRONS),1621.jpg
1622,SVHA 2222 CHILLI,1622.jpg
1623,NK 30 MAIZE (मक्का),1623.jpg
1624,SARANGI CHILLI,1624.jpg
1625,KEERTHI TEJA CHILLI,1625.jpg
1626,SEED SOAK + JEEVATSU CC-310 COMBO ORGANIC PLANT GROWTH BOOSTER,1626.jpg
1627,NUTRI BOOST FOR VEGETABLES,1627.jpg
1628,FLORI-ZEN ORGANIC PLANT GROWTH PROMOTER,1628.jpg
1629,BUNCH SPRAY ORGANIC PLANT GROWTH PROMOTER,1629.jpg
1630,BIO-PROTECT ORGANIC PLANT PEST REPELLENT,1630.jpg
1631,MEGAHOT CHILLI,1631.jpg
1632,KRISHNA CABBAGE,1632.jpg
1633,NBH-HAPPY (101) CAULIFLOWER,1633.jpg
1634,GREEN FLAVOUR PALAK (OP),1634.jpg
1635,TYNZER HERBICIDE,1635.jpg
1636,SRIDEVI HYBRID CHILLI (PHS-583),1636.jpg
1637,"DAIMOND TARPAULIN MULCHING SHEET (Silver Black Mulch - Width - 4 ft, Length - 600 m, 25 MIC)",1637.jpg
1638,PATAGONIA RZ (45-53) ICEBERG LETTUCE,1638.jpg
1639,AVANTIKA GOLD BHENDI (OKRA),1639.jpg
1640,INDAM EARLY WHITE KNOL KHOL,1640.jpg
1641,FAW TRAP | PEST CONTROL INDIA,1641.jpg
1642,VIJAY BRINJAL,1642.jpg
1643,VARSHA CAULIFLOWER,1643.jpg
1644,IU-9918 BAJRA (PEARL MILLET SEEDS),1644.jpg
1645,LANCER GOLD INSECTICIDE,1645.jpg
1646,BPT - 5204 PADDY (RICE) (धान),1646.jpg
1647,SOLAR TRAP,1647.jpg
1648,KUFRI JYOTI POTATO SEED TUBER,1648.jpg
1649,KUFRI PUKHRAJ POTATO SEED TUBER,1649.jpg
1650,LADY ROSETTA POTATO SEED TUBER,1650.jpg
1651,LARGO INSECTICIDE,1651.jpg
1652,INDAM 13 (OP) TOMATO,1652.jpg
1653,INDAM 1222 RIDGEGOURD,1653.jpg
1654,INDAM 65 CUCUMBER,1654.jpg
1655,INDAM LAKSHMI CAPSICUM,1655.jpg
1656,INDAM - 14301 TOMATO,1656.jpg
1657,ICEBERG LETTUCE (ORGANIC),1657.jpg
1658,INDAM 1 AMARANTHUS,1658.jpg
1659,TORENIA,1659.jpg
1660,PORTULACA,1660.jpg
1661,BLACK & SILVER MULCHING SHEET 4FT * 800 METERS (20 MICRONS),1661.jpg
1662,GAZANIA - SUNSHINE MIX,1662.jpg
1663,SEMPRA HERBICIDE,1663.jpg
1664,MULTIPLEX MAHAPHAL PLANT BIO STIMULANT,1664.jpg
1665,CM 75 FUNGICIDE,1665.jpg
1666,FLICK SUPER FUNGICIDE,1666.jpg
1667,KAZUKI PLANT GROWTH PROMOTER,1667.jpg
1668,KRILAXYL 35% WS FUNGICIDE,1668.jpg
1669,KRILAXYL 35% WS POWER FUNGICIDE,1669.jpg
1670,KRILAXYL MZ 72% WP FUNGICIDE,1670.jpg
1671,KRI- OXM INSECTICIDE,1671.jpg
1672,KRI-STAR 5 INSECTICIDE,1672.jpg
1673,LOC++ INSECTICIDE,1673.jpg
1674,MASAKI PLANT GROWTH PROMOTER,1674.jpg
1675,PERFECT HERBICIDE,1675.jpg
1676,PRINCE HERBICIDE,1676.jpg
1677,SEEDOXM-FS INSECTICIDE,1677.jpg
1678,ELPIDA INSECTICIDE [Emamectin Benzoate],1678.jpg
1679,"SHADE NET (Green 50% Shade light, Width -3 mts , Length - 50 mts)",1679.jpg
1680,HUMI ZYME GOLD (HUMIC GRANULES),1680.jpg
1681,Humic-Pro 95 WSG NUTRIENT,1681.jpg
1682,MULTIPLEX FERTISULPH G MICRONUTRIENT FERTILIZER,1682.jpg
1683,MAHABHARATH CAPSICUM + SALVIA FLOWER,1683.jpg
1684,MAX YELLOW MARIGOLD,1684.jpg
1685,ANIKI FUNGICIDE,1685.jpg
1686,HIBIKI INSECTICIDE,1686.jpg
1687,SAIKIN FUNGICIDE,1687.jpg
1688,KAITAKU INSECTICIDE,1688.jpg
1689,KABUTO HERBICIDE,1689.jpg
1690,ISOGASHI INSECTICIDE,1690.jpg
1691,SHOKU INSECTICIDE,1691.jpg
1692,YOKOZUNA HERBICIDE,1692.jpg
1693,SOKUSAI HERBICIDE,1693.jpg
1694,TAIYO INSECTICIDE,1694.jpg
1695,ATARI HERBICIDE,1695.jpg
1696,SHINZEN INSECTICIDE,1696.jpg
1697,ECOSPREAD SPREADING ADJUVANT,1697.jpg
1698,BASF PROFESSIONAL FARMER SAFETY KIT,1698.jpg
1699,NARENDRA - 4 in 1 SOIL TESTING DEVICE,1699.jpg
1700,PERFEKT- HERBAL CROP HEALTH ENHANCER,1700.jpg
1701,SILAGE BAG WITH LINER,1701.jpg
1702,ANIMAL RUBBER MAT,1702.jpg
1703,CHAFF CUTTER- 3HP,1703.jpg
1704,CHAFF CUTTER- TRACTOR CUM MOTOR OPERATED,1704.jpg
1705,ECOMILK (EM) 01- PORTABLE MODEL (MILKING MACHINE),1705.jpg
1706,ECOMILK (EM) 02- TROLLY MODEL (MILKING MACHINE),1706.jpg
1707,ECOMILK (EM) 03- FIX MODEL (MILKING MACHINE),1707.jpg
1708,ECOMILK (EM) 04- FIX MODEL (MILKING MACHINE),1708.jpg
1709,ECOMILK (EM) 05- FIX MODEL (MILKING MACHINE),1709.jpg
1710,GROMOR 20-20-0-13 CONVENTIONAL FERTILIZER,1710.jpg
1711,GROMOR 28-28-0 CONVENTIONAL FERTILIZER,1711.jpg
1712,GROMOR GODAVARI DAP (DI AMMONIUM PHOSPHATE),1712.jpg
1713,GROMOR 14-35-14 CONVENTIONAL FERTILIZER,1713.jpg
1714,GROMOR MOP CONVENTIONAL FERTILIZERS,1714.jpg
1715,GROMOR UREA,1715.jpg
1716,GROMOR 10-26-26 CONVENTIONAL FERTILIZER,1716.jpg
1717,GROMOR ULTRA DAP (DI AMMONIUM PHOSPHATE),1717.jpg
1718,PALEE BITTERGOURD ( पाली करेला ),1718.jpg
1719,ANANYA CHILLI  (अनन्या मिर्च ),1719.jpg
1720,WS-764 F1 CAULIFLOWER,1720.jpg
1721,VOLIAM FlEXI INSECTICIDE  ( कीटनाशक ),1721.jpg
1722,LARK INSECTICIDE,1722.jpg
1723,DHANZYME GOLD GRANULES,1723.jpg
1724,STARTHENE INSECTICIDE ( कीटनाशक ),1724.jpg
1725,ABACIN INSECTICIDE,1725.jpg
1726,EXTRA SUPER INSECTICIDE,1726.jpg
1727,SULPHIN WDG FUNGICIDE,1727.jpg
1728,FURADAN 3G INSECTICIDE,1728.jpg
1729,BHAGYA LAKSHMI DRUMSTICK SAPLINGS (MORINGA),1729.jpg
1730,TURF FUNGICIDE,1730.jpg
1731,BACTINASH 200 BACTERICIDE,1731.jpg
1732,BLACK OUT BACTERICIDE,1732.jpg
1733,MULTIPLEX FALCON GROWTH REGULATOR ( वृद्धि नियंत्रक ),1733.jpg
1734,CHAMAK - CALCIUM AND BORON PLANT NUTRIENTS,1734.jpg
1735,FIRE WEDGE CARROT,1735.jpg
1736,ARYAMAN TOMATO (आर्यमन टमाटर ),1736.jpg
1737,POLO INSECTICIDE (  पोलो कीटनाशक ),1737.jpg
1738,DAISY MANDARIN CITRUS SAPLINGS,1738.jpg
1739,JAFFA CITRUS SAPLINGS,1739.jpg
1740,KINNOW CITRUS SAPLINGS,1740.jpg
1741,W MERCUT CITRUS SAPLINGS,1741.jpg
1742,BLOOD RED CITRUS SAPLINGS,1742.jpg
1743,GREEN MAGIC BROCCOLI,1743.jpg
1744,NASIK RED ONION (N-53),1744.jpg
1745,EZEE COTTON- HERBAL CROP HEALTH ENHANCER,1745.jpg
1746,DR SOIL ORGANIC PLANT FOOD,1746.jpg
1747,DR SOIL DECOMPOSER,1747.jpg
1748,SVKR5025 RIDGE GOURD,1748.jpg
1749,PROCLAIM INSECTICIDE,1749.jpg
1750,CABRIO TOP FUNGICIDE,1750.jpg
1751,INTREPID INSECTICIDE,1751.jpg
1752,CP-16ME : BATTERY SPRAYER WITH MOBILE CHARGER & LED LIGHT,1752.jpg
1753,SWEEP POWER HERBICIDE,1753.jpg
1754,CP-16G : HEAVY DUTY KNAPSACK SPRAYER,1754.jpg
1755,MERIVON FUNGICIDE,1755.jpg
1756,TALWAR ZINC SUPER-14,1756.jpg
1757,BLUE COPPER FUNGICIDE,1757.jpg
1758,MULTIPLEX SULPHUR LIQUID FERTILIZER,1758.jpg
1759,GROMOR PARRY SUPER (SINGLE SUPER PHOSPHATE),1759.jpg
1760,GROMOR PARRY SUPER (FORTIFIED WITH BORON),1760.jpg
1761,RED CORE CARROT,1761.jpg
1762,NEO SUPER INSECTICIDE,1762.jpg
1763,CARTAP SP INSECTICIDE,1763.jpg
1764,JU-REDOMIL FUNGICIDE,1764.jpg
1765,X PERT CROP NUTRITIONAL SUPPLEMENT,1765.jpg
1766,GROMOR 19-19-19 CONVENTIONAL FERTILIZER,1766.jpg
1767,GROMOR MAGNESIUM SULPHATE,1767.jpg
1768,RELEASE CALCI-N CALCIUM NITRATE,1768.jpg
1769,ZEALBOR BORON 20%,1769.jpg
1770,LUMIGEN P3546 CORN,1770.jpg
1771,LUMIGEN P3396 CORN,1771.jpg
1772,AREVA INSECTICIDE ( कीटनाशक ),1772.jpg
1773,DHANUVIT INSECTICIDE ( कीटनाशक ),1773.jpg
1774,PROTOCOL FUNGICIDE,1774.jpg
1775,Fertilizer Spreader,1775.jpg
1776,AMINOBION GOLD PLANT GROWTH PROMOTER,1776.jpg
1777,BT 230 EARTH AUGER ENGINE WITH OIL,1777.jpg
1778,"AGRI EARTH AUGUR 80CM, 150 MM Diameter",1778.jpg
1779,TRIYELLO RZ F1 (35-902) YELLOW CAPSICUM,1779.jpg
1780,TRIROSSO RZ F1 (35-901) RED CAPSICUM,1780.jpg
1781,TRIORA RZ F1 (35-903) ORANGE CAPSICUM,1781.jpg
1782,EVERGREEN INSTA VEG AND FRUIT WASH,1782.jpg
1783,999 HYBRID CARROT,1783.jpg
1784,P3522 LT CORN,1784.jpg
1785,P3355 LT CORN,1785.jpg
1786,P3535 LT CORN,1786.jpg
1787,P3388 LT CORN,1787.jpg
1788,NALINI BUSH BEANS,1788.jpg
1789,P-GEL – BIOACTIVE: PHOSPHATE SOLUBLIZING BACTERIA,1789.jpg
1790,N-GEL – BIOACTIVE: NITROGEN FIXING BACTERIA,1790.jpg
1791,K-GEL – BIOACTIVE: POTASSIUM MOBILIZING BACTERIA,1791.jpg
1792,HAND TRACTOR,1792.jpg
1793,ARIES PRIMASULF FERTILIZER,1793.jpg
1794,ERGON FUNGICIDE,1794.jpg
1795,SUPER NASIK RED ONION (N-53),1795.jpg
1796,P3396 LT CORN,1796.jpg
1797,HUMETSU HUMIC ACID,1797.jpg
1798,SATSUMA FUNGICIDE,1798.jpg
1799,SHINZEN PLUS INSECTICIDE,1799.jpg
1800,SUKOYAKA FUNGICIDE,1800.jpg
1801,APPLY INSECTICIDE ( कीटनाशक ),1801.jpg
1802,NITROCEA - HD (NITROGEN FIXING BACTERIAL BIO-FERTILIZER),1802.jpg
1803,ZINKAACEA-HD (ZINC SOLUBILISING BACTERIAL BIO FERTILIZER),1803.jpg
1804,PHOSPHOCEA-HD (PHOSPHATE SOLUBILISING BACTERIAL BIO FERTILIZER),1804.jpg
1805,POTAACEA-HD (POTASH MOBILISING BACTERIAL BIO FERTILIZER),1805.jpg
1806,"AGRI EARTH AUGUR 80CM, 100 MM Diameter",1806.jpg
1807,RUCHITA CUCUMBER,1807.jpg
1808,LUMIGEN P3344 CORN,1808.jpg
1809,NK 7720 MAIZE (मक्का),1809.jpg
1810,YARALIVA TROPICOTE FERTILIZER,1810.jpg
1811,LARA F1 HYBRID BRINJAL,1811.jpg
1812,DR SOIL ARECA SPECIAL PLANT FOOD,1812.jpg
1813,DR SOIL SUGARCANE SPECIAL PLANT FOOD,1813.jpg
1814,HECTARE SOLAR LIGHT TRAP,1814.jpg
1815,SOLAR LIGHT TRAP,1815.jpg
1816,VELUM PRIME NEMATICIDE,1816.jpg
1817,LUNA EXPERIENCE FUNGICIDE,1817.jpg
1818,INFINITO FUNGICIDE,1818.jpg
1819,BELT EXPERT INSECTICIDE,1819.jpg
1820,DEKALB 9165 CORN,1820.jpg
1821,SEFINA INSECTICIDE,1821.jpg
1822,DHANUTOP HERBICIDE,1822.jpg
1823,FORTENZA DUO INSECTICIDE  ( कीटनाशक ),1823.jpg
1824,MULTIPLEX BIO-JODI FUNGICIDE,1824.jpg
1825,MULTIPLEX BABA BIO PESTICIDE,1825.jpg
1826,MULTIPLEX VARSHA BIO PESTICIDE,1826.jpg
1827,MULTIPLEX METARHIZIUM BIO PESTICIDE,1827.jpg
1828,GK 2002 SUNFLOWER,1828.jpg
1829,ARMY-MAIZE LURE (FALL ARMY WORM),1829.jpg
1830,MAXILIZER LIQUID - PLANT BIOSTIMULANT,1830.jpg
1831,DIVAP INSECTICIDE ( डाईवेप कीटनाशक ),1831.jpg
1832,HARD ROCK (TO-8011) TOMATO,1832.jpg
1833,MELODY F1  WATERMELON (KSP 1358),1833.jpg
1834,GODFATHER CORN,1834.jpg
1835,BLACK & SILVER MULCHING SHEET 4FT * 800 METERS (30 MICRONS),1835.jpg
1836,BLACK & SILVER MULCHING SHEET 3.3FT * 800 METERS (25 MICRONS),1836.jpg
1837,NPK Gel Combo Bioactives: Soil Bacteria,1837.jpg
1838,RUBY QUEEN BEETROOT (OP),1838.jpg
1839,LALIMA BEET ROOT,1839.jpg
1840,NS 7774 BHENDI  ( एनएस 7774 भिंडी ),1840.jpg
1841,AAROHI YELLOW WATERMELON,1841.jpg
1842,TATAMIDA SL INSECTICIDE,1842.jpg
1843,INDOFIL BENFIL,1843.jpg
1844,INDOFIL BOON,1844.jpg
1845,SYSTHANE,1845.jpg
1846,ROBUST CORN SEEDS,1846.jpg
1847,MRIDULA MUSKMELON,1847.jpg
1848,595 WATERMELON,1848.jpg
1849,ECOFROST SOLAR COLD STORAGE ROOM,1849.jpg
1850,ARIES MARINO GOLD NUTRIENT,1850.jpg
1851,KEMCRON,1851.jpg
1852,BILLION INSECTICIDE,1852.jpg
1853,ARIES PHOSPHOCOP,1853.jpg
1854,ACROBAT FUNGICIDE,1854.jpg
1855,POLYRAM FUNGICIDE,1855.jpg
1856,MULTIPLEX SOLDIER (EPN),1856.jpg
1857,V-HUME PLUS PLANT NUTRIENT (HUMIC ACID),1857.jpg
1858,ANUP BEANS,1858.jpg
1859,FERTIS WG FERTILIZER,1859.jpg
1860,EMZET INSECTICIDE,1860.jpg
1861,SARPAN HYBRID ASTER - AST-1,1861.jpg
1862,SARPAN HYBRID ASTER - AST-2,1862.jpg
1863,SARPAN HYBRID ASTER - AST-3,1863.jpg
1864,SARPAN HYBRID ASTER - AST-4,1864.jpg
1865,SARPAN HYBRID ASTER - AST-5 POMPOM,1865.jpg
1866,SARPAN HYBRID ASTER - AST-6 POMPOM,1866.jpg
1867,ARYA F1 BOTTLEGOURD,1867.jpg
1868,ROYAL CLEAR MITE-ACARICIDE/MITICIDE,1868.jpg
1869,ROYAL SUPER GROW,1869.jpg
1870,ROYAL NEMA BIO-NEMATICIDE,1870.jpg
1871,ROYAL LARVEND,1871.jpg
1872,CROPNOSYS NEYMAR FUNGICIDE,1872.jpg
1873,CROPNOSYS PABLO FUNGICIDE,1873.jpg
1874,CROPNOSYS LATIFA FUNGICIDE,1874.jpg
1875,CROPNOSYS HECTOR INSECTICIDE,1875.jpg
1876,CROPNOSYS CHIVAS INSECTICIDE GRANULES,1876.jpg
1877,M STAR INSECTICIDE,1877.jpg
1878,RHYMEGENT INSECTICIDE,1878.jpg
1879,HEXACON SUPER FUNGICIDE,1879.jpg
1880,P1899 LUMIGEN CORN,1880.jpg
1881,SWARNA ZINC EDTA 12%,1881.jpg
1882,GROMOR CALCIUM NITRATE,1882.jpg
1883,CHINESE CABBAGE RED,1883.jpg
1884,SWISS CHARD RED,1884.jpg
1885,SWISS CHARD MULTI COLOR,1885.jpg
1886,MUKTA ROUND BRINJAL,1886.jpg
1887,CHESS WG INSECTICIDE,1887.jpg
1888,CIGNA INSECTICIDE,1888.jpg
1889,SHREYA 831TSC TOMATO,1889.jpg
1890,APURUPA - 295 WATER MELON,1890.jpg
1891,MADHURI - 99 WATER MELON,1891.jpg
1892,SARTHAK FUNGICIDE,1892.jpg
1893,MEOTHRIN INSECTICIDE,1893.jpg
1894,SAGARIKA SEA WEED EXTRACT - BIO ACTIVATOR,1894.jpg
1895,POLYTRIN INSECTICIDE,1895.jpg
1896,ZAMPRO TM FUNGICIDE,1896.jpg
1897,KOPPERT GOKLEAN FUNGICIDE/BACTERICIDE,1897.jpg
1898,KOPPERT VICI ROUTZ BIO FERTILIZER,1898.jpg
1899,KOPPERT VIDI GREENPATH INSECTICIDE,1899.jpg
1900,BIOSTADT ROKO FUNGICIDE,1900.jpg
1901,OMITE INSECTICIDE,1901.jpg
1902,BLACK AND SILVER MULCHING SHEET (4FEET * 400 METERS) - 18 MICRONS,1902.jpg
1903,TUTASAN WATER TRAP,1903.jpg
1904,KOPPERT PHERODIS TUTA ABSOLUTA LURE,1904.jpg
1905,BC 230 POWER WEEDER,1905.jpg
1906,LARA 909 INSECTICIDE,1906.jpg
1907,JATAYU FUNGICIDE,1907.jpg
1908,MULTIPLEX LIQUISIL GROWTH ENHANCER,1908.jpg
1909,ACROBAT COMPLETE FUNGICIDE,1909.jpg
1910,JASHN SUPER INSECTICIDE,1910.jpg
1911,BUDDI FUNGICIDE,1911.jpg
1912,REX RZ (42-06) LETTUCE,1912.jpg
1913,SKYPHOS RZ (43-15) LETTUCE,1913.jpg
1914,AMH16 HITECH KNAPSACK SPRAYER,1914.jpg
1915,MYLA TOMATO,1915.jpg
1916,ORELIA F-1 YELLOW ZUCCHINI,1916.jpg
1917,CORA F-1 GREEN ZUCCHINI,1917.jpg
1918,PALADIN CAPSICUM,1918.jpg
1919,RABIA F1 CUCUMBER,1919.jpg
1920,RIA 834 TSC TOMATO,1920.jpg
1921,UV MATE DEVICE,1921.jpg
1922,ANDE YARD LONG BEANS,1922.jpg
1923,GEOLIFE BACTO GANG BIO-FERTILIZER POWERED BY MET (MICROBIAL EXTRACT TECHNOLOGY),1923.jpg
1924,GEOLIFE NATURAL CAB ANTI CRACKING AND ANTI ROTTING,1924.jpg
1925,GEOLIFE NANO FE,1925.jpg
1926,GEOLIFE NANO MG,1926.jpg
1927,GEOLIFE NANO MN,1927.jpg
1928,GEOLIFE NANO ZN,1928.jpg
1929,GEOLIFE NANO VIGORE FLOWER BOOSTER,1929.jpg
1930,GEOLIFE NO VIRUS ORGANIC VIRICIDE,1930.jpg
1931,GEOLIFE PLUS GROWTH PROMOTER,1931.jpg
1932,GEOLIFE TABSIL FA FERTILIZER,1932.jpg
1933,GEOLIFE RECOVER NUTRI FUNGICIDE,1933.jpg
1934,GEOLIFE GEOMYCIN ORGANIC BACTERICIDE,1934.jpg
1935,GEOLIFE VIGORE FRUIT SIZE GROWTH BOOSTER,1935.jpg
1936,GEOLIFE VIGORE SUPERIOR ORGANIC FERTILIZER,1936.jpg
1937,MAHYCO DHANDEV + MRC 7373  BG-II COTTON,1937.jpg
1938,LEADBETER HYBRID CHILLI LCH-99,1938.jpg
1939,VENUS 942 F1 CHILLI,1939.jpg
1940,AGRIMATE SPRAYER 12L,1940.jpg
1941,INDAM 13 TOMATO,1941.jpg
1942,ABTEC BONEMEAL,1942.jpg
1943,ABTEC COWDUNG POWDER,1943.jpg
1944,ABTEC FLOWER BOOSTER,1944.jpg
1945,ABTEC PSEUDO,1945.jpg
1946,ABTEC PERLITE,1946.jpg
1947,ABTEC VERMICULATE,1947.jpg
1948,ABTEC GROW BAG (BIG),1948.jpg
1949,ABTEC TRICHO BIO FUNGICIDE,1949.jpg
1950,ABTEC BIO-NEEM INSECTICIDE,1950.jpg
1951,KESTREL F1 BEETROOT,1951.jpg
1952,AGRIMATE SPRAYER 1L,1952.jpg
1953,AGRIMATE SPRAYER 2L,1953.jpg
1954,AGRIMATE PRESSURE SPRAYER 3L,1954.jpg
1955,AGRIMATE PRESSURE SPRAYER 5L,1955.jpg
1956,AM ZOOM BATTERY SPRAYER  2 in 1- 16 L,1956.jpg
1957,AM 505E BATTERY SPRAYER- 16 L,1957.jpg
1958,RAHUL JAI KISAN HI TECH SPRAYER,1958.jpg
1959,VISWAS 708 POWER SPRAYER,1959.jpg
1960,COMMANDO 708 POWER SPRAYER,1960.jpg
1961,COMMANDO P 768 GARDEN SPRAYER,1961.jpg
1962,PASURA 16-BM-006 BATTERY SPRAYER,1962.jpg
1963,PASURA 16-BM-015 BATTERY SPRAYER,1963.jpg
1964,PASURA 16-BM-001 BATTERY & MANUAL,1964.jpg
1965,PASURA 16D-16 SPRAYER,1965.jpg
1966,VISWAS 4-STROKE SPRAYER,1966.jpg
1967,MAHY 456 CHILLI,1967.jpg
1968,VNR 218 BRINJAL,1968.jpg
1969,UTKAL BRINJAL,1969.jpg
1970,MULCHING SHEET 5 FT WIDTH (30 MICRONS),1970.jpg
1971,PAC751 ELITE CORN,1971.jpg
1972,MANJIRA CHILLI,1972.jpg
1973,CULTAR PLANT GROWTH REGULATOR,1973.jpg
1974,LUMOS CAPSICUM,1974.jpg
1975,CELIN CAPSICUM,1975.jpg
1976,KAVACH FUNGICIDE,1976.jpg
1977,DR SOIL - SOIL FERTILITY BOOSTER,1977.jpg
1978,DR SOIL BIJOPACHAR ( AZOSPIRILLUM BRASILENSIS),1978.jpg
1979,DR SOIL BIJOPACHAR ( RHIZOBIUM ),1979.jpg
1980,DR SOIL BIJOPACHAR ( AZOTOBACTER),1980.jpg
1981,DR SOIL SLURRY ENRICHER (PHOSPHATE SOLUBILIZERS),1981.jpg
1982,DR SOIL SLURRY ENRICHER (POTASH MOBILIZING BACTERIA),1982.jpg
1983,MULCHING SHEET 25MICRONS  4FT * 400MTS,1983.jpg
1984,BOMBAY MUMTI,1984.jpg
1985,SUPER FIGHTER INSECTICIDE,1985.jpg
1986,LATE BOLTING CORRINDER,1986.jpg
1987,FOOST HERBICIDE,1987.jpg
1988,NS 8601 SWEET CORN,1988.jpg
1989,COREON HERBICIDE,1989.jpg
1990,BANGALORE RED TOMATO,1990.jpg
1991,FUSIFLEX HERBICIDE,1991.jpg
1992,PIXO HERBICIDE,1992.jpg
1993,SEAWEED GEL,1993.jpg
1994,GENKI HERBICIDE,1994.jpg
1995,RYUSEI HERBICIDE,1995.jpg
1996,ICHIGO HERBICIDE,1996.jpg
